번호	recipeName	ingredients
18	버섯 두유 소스 볶음	버섯볶음 새송이버섯 올리브유  두유 소스 두유  생크림  청양고추 후추 곁들임 새싹채소
19	백일송이버섯 볶음	백일송이버섯볶음 백일송이버섯 파프리카 파프리카 카놀라유 
21	땅콩소스 버섯가지나물	가지 새송이버섯 표고버섯 땅콩 소스 땅콩가루 참기름 저염간장
28	새우 두부 계란찜	새우두부계란찜 연두부  칵테일새우 달걀 생크림  설탕  무염버터  고명 시금치 줄기
29	부추 콩가루 찜	조선부추 날콩가루  양념장 저염간장  대파  마늘 고춧가루  요리당  참기름  참깨
31	방울토마토 소박이	방울토마토 소박이 방울토마토 양파 부추 줄기 양념장 고춧가루  멸치액젓  마늘 매실액  설탕  물  통깨
32	순두부 사과 소스 오이무침	오이무침 오이 땅콩  순두부사과 소스 순두부 사과
33	사과 새우 북엇국	북엇국 북어채 새우 사과 양파 표고버섯 물 
36	저염 된장으로 맛을 낸 황태해장국	황태해장국 황태채 콩나물 무 저염된장  물  청양고추 마늘 
37	된장국	된장국 두부 애느타리버섯 가닥 감자 양파 대파 된장  물 
38	표고버섯 청경채국	멸치육수 국물용 멸치 다시마 양파 표고버섯 기둥 국간장  물  채소준비 청경채 표고버섯 마늘 
39	청국장 두부 검은깨 냉스프	냉스프 두부  플레인요거트 검은깨  고명 청국장가루 
40	호박 고구마 스프	호박고구마스프 고구마 단호박 우유 설탕  물
62	불고기 소스를 곁들인 두부구이	두부구이 두부  전분  흑임자  식용유  후추 불고기 양념 간장  올리고당  생강즙  물 
74	돌나물 샐러드	돌나물 샐러드 돌나물 미니새송이버섯 참기름 레몬마요네즈 소스 마요네즈  레몬즙  청양고추 홍고추 참기름
77	마늘드레싱을 곁들인 키위샐러드	키위샐러드 키위 방울토마토 양상추 아몬드  땅콩  무순 마늘 드레싱 사과식초  설탕  물 마늘 
78	깻잎향을 입힌 관자 샐러드	돌나물 깻잎 관자 식용 꽃 올리브유 석류 원액 레시틴가루
82	건강그린 샐러드와 고소한 두유드레싱	건강그린 샐러드 양상추 치커리 줄기 레드치커리 줄기 방울토마토 파프리카  두유 드레싱 두유  마요네즈  물엿  식초  물  설탕
85	케일 오미자 샐러드	케일 샐러드 보라로즈케일 흰로즈케일 케일 오미자 드레싱 오미자물 요리당  식초 
87	스트로베리 샐러드	스트로베리 샐러드 딸기 플레인요거트 양상추 메추리 블루베리  식초
89	시금치 우유 소스와 그린매쉬드포테이토	그린매쉬드포테이토 감자 시금치우유 소스  아몬드  설탕  크랜베리 치커리 시금치우유 소스 시금치 우유 
91	버섯구이와 두부타르타르 소스	버섯구이 새송이버섯 올리브유  곁들임 치커리 줄기 두부타르타르 소스 연두부  양파  오이피클  올리브유  식초  레몬즙  머스터드  꿀 후추
93	구운채소와 간장레몬 소스	구운채소 가지 호박 새송이버섯 양파 발사믹크레마 파프리카 파프리카 청피망 올리브유 간장 레몬 소스 저염간장  식초  설탕  레몬즙 
94	브로콜리 컬리플라워 샐러드와 두유 요거트 소스	브로콜리컬리플라워 샐러드 브로콜리 송이 컬리플라워 송이 적양파 강낭콩  건포도  호두  두유요거트 소스 두유  플레인요거트  레몬즙  설탕
95	치커리샐러드와 올리브 마늘 소스	치커리 샐러드 치커리 줄기 적양배추 양파 당근 올리브마늘 드레싱 올리브유  식초  설탕  마늘
96	유자향의 곤약 냉채	곤약냉채 실곤약 오이 사과 당근 파프리카  유자 드레싱 유자청  레몬즙  카놀라유  흰후추
108	오렌지와 당근 만남주스	오렌지 당근펀치 당근 오렌지
111	칠곡석류국수	소면 저염소금  식초  소스 석류  잣  아몬드  해바라기씨  호두  호박씨  오이
113	블랙빈 곤약국수	실곤약 검은콩 볶은 흑임자  호두   오이 토마토 달걀
114	닭가슴살 브로콜리 만두	만두피 브로콜리 숙주 표고버섯 닭 가슴살 참기름  저염간장 
121	시금치 리조또	밥 시금치 마 두유 버터 
124	북어비빔밥	밥 북어 당근 애호박 달걀 고사리 표고버섯 우렁  들기름   베이비채소 식용꽃
125	무 현미밥	현미 찹쌀 무 표고버섯 근대 올리브오일  참기름  육수 뒤포리밴댕이 다시마 간장 
127	밥	쌀밥 김 배추김치 달걀 베이컨 소시지 시금치 고춧가루  참기름  마늘 
131	함초 냉이 국수	소면 육수 함초  노루궁뎅이버섯 다시마 파 양파 무 시조개 냉이 간장   달걀 청고추 실고추
137	된장 두부찌개	두부  쌀뜨물  돼지고기 김치 된장  청양고추 홍고추 대파 고춧가루 
138	부대된장찌개	다시마 두부 떡국 떡 스팸마일드 마늘 무 김치 소시지 우민찌  양파 저염된장  베이컨 대파 청양고추 홍고추
140	매생이순두부탕	풋고추 순두부  매생이 홍합 육수 다시마 멸치 보리된장 
144	겨자 오이고추소박이	오이고추 당근 무 부추 양파 소스 겨자분말  식초  설탕 
145	실치오이 초절임	매실액  실치 식초  오이
146	비트무절임	무 비트 쪽파 초절이 소스  식초  설탕 
150	감귤 김치	배추 미나리 홍고추  김치국물 귤 고춧가루  마늘  생강즙 
159	석류 보쌈김치	배추 석류즙   양념 무 미나리 쪽파 마늘  생강  새우젓국 
161	유자 대구조림	대구살 홍파프리카 황파프리카 청파프리카 황금팽이버섯 미나리 밀가루  소스 유자청  발사믹식초  화이트와인   대파
162	파프리카 물김치	자색고구마 무 배 배추 부추 사과 쪽파  양념 멥쌀  물엿 황파프리카
163	꼬막 달래 된장 무침	꼬막 달래 단 깻잎 파프리카 소스 된장  고추장  사과즙 참기름  깨  마늘 
165	베이컨 가지 말이	가지 베이컨 홍파프리카 황파프리카 청파프리카 미나리 소스 고추장  와사비  고춧가루  배 양파 마늘 올리고당  사과식초 
172	청국장소스 연어 스테이크	마늘종 연어 식용유  소스 검정깨  청국장가루  마요네즈   대추
181	양배추감자전	감자 양배추 당근 두부  돼지고기 청양고추 부침가루  달걀 식용유  소스 오렌지즙  간장  식초 
193	고추장 라따뚜이	애호박 양송이버섯 가지 저염살라미 사과 소스 양파 마늘 토마토 설탕  바질 고추장 
201	민들레 샐러드	민들레 잎 비트  오렌지껍질 드레싱 간장  홍고추 레몬즙  설탕 
202	토마토 가지 카프레제	가지 토마토 무순 마늘 올리브오일  드레싱 올리브오일  발사믹식초  
210	두릅 샐러드	두릅 가지 레몬껍질  청경채 슬라이스연어 크림치즈  레몬  드레싱 레몬즙 레드와인  설탕 
212	구운 바나나	바나나 설탕   호두 
214	과일무스 테린	딸기 키위 매실원액  젤라틴 소스 망고 우유 
215	가지볶음밥	단호박 양파 석박지 파프리카 가지 두부 밥 세발나물 양념 마늘 저염된장 들기름
216	닭고기볶음밥	쌀 완두콩 닭고기 대추 수삼 양파 당근 양념 강황가루 맛술
217	미역볶음밥	쌀 완두콩 닭고기 대추 수삼 양파 당근 양념 강황가루 맛술
218	청국장볶음밥	쌀 현미 감자 고구마 양파 연근 당근 애호박 우엉 마늘 시금치 참나물 깻잎 미나리 육수 다시마 양념 생청국장 들깻가루 올리브유 들기름
219	해물볶음밥	볶음밥 쌀 아스파라거스 새송이버섯 달걀 문어 새우살 주꾸미 미나리볶음고추장 무 우엉 미나리
220	토마토카레 채소볶음밥	감자 양파 당근 피망 닭가슴살 밥 브로콜리 방울토마토 플레인 요구르트 양념 토마토페이스트 파프리카가루 카레가루
221	구운주먹밥	현미 톳 생김 달걀 밥 밑간 참기름 참깨 톳 무침양념 설탕 식초
222	깐풍주먹밥	칵테일새우 쇠고기 참기름 찹쌀현미밥 밀가루 파인애플 부추 소스 마늘 붉은 고추 풋고추 식초 함초가루 설탕
223	닭봉주먹밥	닭봉 우유 단호박 새송이버섯 가지 주키니호박 당근 양파 시래기 치즈 밥 새싹채소 양념 참기름 간장 소스 레몬즙 마요네즈 꿀 부순 참깨
224	봄주먹밥	봄동 깻잎 낙지 다리 참기름 두릅 올리브유 미나리 주먹밥 데친 꼬막살 올리브유 밥 참깨 두부강된장 참기름 양파 당근 애호박 물 된장 고춧가루 마늘 송송 썬 붉은 고추 송송 썬 청양고추 으깬 두부
225	깻잎장아찌롤	쌀 깻잎장아찌 김 새싹 밥 밑간 참기름 참깨 허브타르타르드레싱 양파 피클 삶은 달걀 마요네즈 머스터드소스 설탕 물 머스터드소스
226	참치비빔밥롤	멥쌀 완두콩 달걀 주키니호박 당근 가지 참치 김밥용 김 케일 참치밑간 올리브유 사과드레싱 식초 굵게 사과 로즈마리 꿀 토마토소스 토마토 고추
227	새싹참치김밥	파프리카 파인애플 달걀 김 밥 새싹채소 참치 소스 저염간장 마요네즈 설탕
228	연어주먹밥튀김	당근 피망 양파 밥 마요네즈 통조림 연어캔 식초 데리야키소스 달걀 빵가루 어린잎채소 오리엔탈소스 식초 레몬즙 간장 마늘 꿀 올리브유 참깨
229	오징어불고기김밥	오징어 몸통 파프리카 당근 피망 밥 채 썬 쇠고기우둔살 달걀 김 깻잎 새송이버섯 양념 참기름 고추장 매실청
230	닭가슴살청포묵비빔밥	닭가슴살 양배추 청포묵 숙주 쌀 달걀지단 무순 닭고기 삶는 된장 마늘 비빔소스 저염간장 참기름
231	두부달걀덮밥	두부 가지 표고버섯 양파 달걀 밥 가다랑어포 육수 물 다시마 가다랑어포 양념 녹말가루 청주 설탕 간장 녹말물
232	봄나물밥	현미 멥쌀 쑥갓 달래 두부양념장 고추장 된장 다시마 육수 두부
233	가지연어구이	가지 토마토 연어 파슬리가루 올리브유 마늘 소스 사과 유자청 레몬즙
234	갈릭칩동태구이	동태포 통마늘 양념 맛술 저염된장
235	고구마두부스테이크	스테이크 두부 고구마 마늘 대파 양파 견과류 찹쌀가루 청국장소스 양송이버섯 다시마육수 청국장 유 자청 녹말가루
236	닭가슴살카나페	고구마 우유 백김치 비트 닭가슴살 새싹 바나나식초
237	삼색꼬치구이	돼지고기목살 파인애플 브로콜리 방울토마토 배사과소스 배 사과 레몬즙 꿀
238	꽁치채소말이	꽁치살 마늘종 양파 파프리카 밀가루 깻잎 무순 새싹 오렌지소스 오렌지 레몬즙 설탕 고운
239	차돌박이구이	연근 미나리 오렌지 오렌지주스 차돌박이 어린잎채소 홍초물 설탕 홍초 물
240	간장아귀찜	아귀 새우 미나리 풋고추 붉은 고추 콩나물무침 콩나물 참기름 참깨 간장소스 설탕 저염간장 청주 다시마물 아귀찜양념 양파 생강 마늘
241	견과류통삼겹살찜	돼지고기통삼겹살 땅콩 아몬드 말린 자두 호두 새우젓 마늘 파프리카 부추 돼지고기 밑간 간장 참기름 양념 들기름 고춧가루 소스 설탕 맛술 간장 닭육수 마늘 양파 생강 당근
242	닭가슴살말이	닭가슴살 당근 시금치 마른 표고버섯 간장 참기름 견과류 단촛물 설탕 식초 겨자소스 설탕 발효겨자 식초 잣 땅콩 참깨
243	두부말이찜	두부 불린 표고버섯 닭가슴살 톳 깻잎 참기름 반죽양념 파 마늘 부순 참깨 레몬소스 설탕 레몬즙 간장 식초
244	미나리명태찜	미나리 명태 레몬소스 설탕 레몬 식초 저염간장
245	계만두	배추 오이 표고버섯 피망 당근 녹말가루 닭가슴살 마늘 대파 삶은 메추리 양념 참기름 간장 빠금장소스 빠금장 휘핑크림 우유 청양고추 참깨
246	삼계선	닭가슴살 두부 수삼 파프리카 대추 블루베리소스 블루베리잼 화이트와인 설탕
247	쇠고기표고찜	표고버섯 밀가루 달걀 잣 대추 단호박 피클 소 쇠고기 대파 마늘 양파 파프리카 으깬 두부 오렌지소스 오렌지주스 유자청
248	떡갈비찜	돼지고기 쇠고기 가지 가래떡 유자청 간장 연근 고기 밑간 파 마늘 양파 참기름
249	해산물두부샌드	두부 새우 관자 파프리카 새싹채소 완두콩드레싱 삶은 완두콩 두유 꿀 검은깨
250	단호박제육볶음	돼지고기불고기용 단호박 죽순 양파 대파 마른 표고버섯 양념장 저염간장 고추장 고춧가루 된장육수 된장 물 양념 마늘 부순 참깨 참기름
251	버섯콩불고기	콩고기 양파 당근 양배추 깻잎 느타리버섯 표고버섯 새송이버섯 부추 미나리 청양고추 양념장 설탕 저염진간장 맛술 배 양파 매실액 참기름 양념 들기름 파 마늘 생강
252	차돌박이볶음	차돌박이 파프리카 양파 부추 해초 소스 발사믹식초 매실청 올리브유 소스 마요네즈 연겨자 소스 유자청 식초 고기 밑간 설탕 저염 간장 배 양파 해초 밑간 설탕 식초
253	토마토오리볶음	오리고기 가지 양파 파프리카 새송이버섯 브로콜리 부추 방울토마토 식용유 고기 밑간 맛술 토마토고추장소스 토마토 양파 풋고추 고추장 물엿
254	토마토두루치기	양배추 양파 표고버섯 양송이버섯 파프리카 피망 대파 마늘 토마토 비트 식용유 돼지고기 양념 설탕 간장 생강 고추장 물엿
255	검은콩피시볼조림	피시볼반죽 검은콩 쪽파 동태포 감자전분 밀가루 청양고추 달걀흰자 소스 마늘 녹말가루 가다랑어장국 간장 물 유자청 대파
256	대하조림	대하 화이트와인 시금치 유자청 매실액 아보카도 토마토 닭육수 닭다리 월계수잎 물
257	묵은지가지말이	돼지고기 가지 김치 청피망 붉은피망 양파 생강 마늘 올리브유 레몬 레드와인 올리고당 고기 삶는 양파 월계수잎 정향 마늘 생강 물
258	두부곤약조림	곤약 두부 가지 애호박 꽈리고추 조림장 감자전분 저염간장 물 마늘 유자청 고추기름
259	아귀나가사키조림	미나리 숙주 양파 대파 청양고추 붉은 고추 아스파라거스 문어 꽃게 조개 전복 소라 새우 아귀 녹말물 육수 마늘 대파 통후추 양파 가다랑어포
260	카레가자미조림	고구마 당근 양파 파프리카 양송이버섯 브로콜리 가자미 밀가루 달걀 버터 치킨스톡 코코넛 밀크 생크림 청양고추 양념 마늘 토마토페이스트 카레가루 강황가루
261	타콤소스닭조림	양파 셀러리 당근 사과 양송이버섯 새송이버섯 가지 토마토 단호박 브로콜리 닭가슴살 닭육수 닭밑간양념 마늘 생강 양념 마늘 월계수잎 오레가노 바질 파슬리가루
262	토마토콩조림	콩대두 양파 양송이버섯 토마토 양념 설탕 파슬리가루
263	관자해장국	풋고추 붉은 고추 무 당근 양파 노란 파프리카 두부 육수 콩나물 다시마 관자 물 토마토소스 토마토 붉은 파프리카 고춧가루 발 사믹식초 양념 마늘
264	견과류들깨해장탕	느타리버섯 양송이버섯 표고버섯 두부 애호박 양파 밤 호두 멸치다시마육수 양념 들기름 들깻가루
265	뿌리채소들깨수제비	다시마 감자 연근 마른 미역 새심 찹쌀가루 물 양념 들기름 마늘 들깻가루 국간장
266	대구지리탕	대구 미나리 청양고추 붉은 고추 콩나물 쑥갓 반죽 쑥가루 밀가루 육수 다시마 북어 무 물 양념 마늘 생강
267	양지해장국	쇠고기육수 느타리버섯 애호박 청양고추 대파 방울토마토 콩나물 양념 마늘 저염국간장
268	토마토돼지고기해장국	양파 청양고추 토마토 돼지고기사태 방울토마토 육수 무 다시마 대파 마른 표고버섯 양파 물 양념 마늘 바질가루 설탕
269	효종갱	배추 무 느타리버섯 표고버섯 전복 육수 쇠고기양지 갈비 양파 마늘 물 양념 저염간장
270	해물토마토김치찌개	김치 토마토 양파 오징어 홍합 바지락 주꾸미 데친 미나리 쑥갓 느타리버섯 팽이버섯 어슷 썬 풋고추 김치주머니 소 새우 부추 불린 당면 불린 무말랭이 녹말가루 달걀
271	닭고기김치찌개	닭가슴살 애호박 미나리 청양고추 두부 김치 참기름 느타리버섯 달걀 육수 다시마 무 대파 양파 마른 고추 멸치 마늘 청주 물
272	완자김치찌개	콩나물 김치 두부 붉은 고추 돼지고기등심 새우젓 육수 대파 마늘 쇠고기
273	백김치콩비지찌개	풋고추 백김치 콩비지 양념 참기름 마늘 간장
274	오징어김치찌개	오징어 두부 팽이버섯 붉은 고추 고구마 콩나물 김치 쑥갓 육수 무 다시마 대파 멸치 물 양념 참기름 들깻가루
275	해물김치찌개	주꾸미 김치 무 마늘 대파 양파 두부 참기름 배즙 팽이버섯 육수 다시마 멸치 물
276	맑은부대찌개	느타리버섯 두부 콩나물 배추 미나리 돼지고기 쇠고기 불린 당면 조랭이떡 다시마육수 다시마 양파 대파 무 마른 고추 고기완자양념 생강즙 파 마늘
277	나가사키부대찌개	통조림 햄 우유 실곤약 양파 느타리버섯 표고버섯 팽이버섯 청양고추 붉은 고추 감자 무 두부 애호박 깻잎 쑥갓 완자 돼지고기 파 마늘 밀가루 달걀노른자 육수 사골육수 다시마 양념 들깻가루
278	삼계부대찌개	닭가슴살 당근 붉은 고추 풋고추 대파 쑥갓 표고버섯 애호박 김치 팽이버섯 당면 숙주 떡 육수 당귀 대추 오가피 함초 양념장 겨자가루 고춧가루 콩가루 쌀겨 마늘
279	쑥갓부대찌개	통조림 햄 애호박 두부 팽이버섯 청양고추 김치 쑥갓 육수 다시마 물 양념장 설탕 고춧가루 고추장
280	들깨순두부찌개	굴 멸치 표고버섯 느타리버섯 무 양파 미나리 대파 붉은 고추 순두부 양념 마늘 들깻가루 국간장
281	백태순두부찌개	콩백태 느타리버섯 표고버섯 애호박 양파 대파 붉은 고추 풋고추 바지락 저염된장 새우 순두부 육수 마른 다시마 멸치 물
282	버섯순두부찌개	표고버섯 애호박 감자 양파 미나리 부추 대파 청양고추 순두부 육수 다시마 표고버섯 밑동 물 양념 저염된장 찹쌀가루 들깻가루 저염국간장
283	토란순두부찌개	토란 표고버섯 붉은 고추 청양고추 백합 들깻가루 순두부
284	새우단배추된장국	마늘 양파 애호박 단배추 대파 두부 마른 새우 육수 무 멸치 다시마 물 양념 된장 표고버섯가루 날콩가루
285	검은콩보리된장찌개	검은콩 애호박 양파 검은콩두부 표고버섯 붉은 고추 청양고추 대파 육수 바지락 멸치 다시마 보리된장 보리 저염된장
286	단호박배추된장국	단호박 배추 새송이버섯 홍고추 육수 대파 양파 물 양념 된장
287	된장냉국	가다랑어포 오이 깻잎 육수 무 다시마 대파 물 된장양념 콩가루 설탕 식초 대파 마늘 양파 청양고추 저염된장 참기름
288	들깨된장육개장	숙주 느타리버섯 양파 대파 청양고추 얼갈이배추 육수 무 돼지고기사태 다시마 청주 보리새우 물 양념장 고춧가루 들깻가루 마늘 된장
289	삼색묵냉국	도토리묵 메밀묵 청포묵 미니양배추 적양파 양파 오이 래디시 당근 아스파라거스 파프리카 붉은 고추 풋고추 달걀 목이버섯 쑥갓 육수 무 다시마 멸치 대파 마늘 생강 쇠고기 물 양념 미소된장 들깻가루 참깨 검은깨
290	샤브된장국	우삼겹 깻잎 느타리버섯 팽이버섯 쪽파 송송 썬 청양고추 송송 썬 붉은 고추 육수 닭가슴살 대파 마늘 양념 저염된장 마늘
291	완자된장국	감자 애호박 쪽파 양파 부추 두부 대파 고추 표고버섯 당면 숙주 브로콜리 돼지고기 양념 마늘 녹말가루 된장 날콩가루
292	산나물된장찌개	곤드레나물 고구마순 취나물 애호박 양파 청양고추 대파 순두부 저염재래된장 콩백태 표고버섯 저염된장 날콩가루 육수 물 멸치 다시마 양념 마늘 고춧가루 들깻가루
293	토마토요구르트된장국	표고버섯 팽이버섯 양송이 새송이버섯 양파 대파 청양고추 토마토 된장양념 콩가루 요구르트 저염된장 육수 멸치 다시마 물 양념 마늘 고춧가루 들깻가루
294	굴림만두된장국	풋고추 붉은 고추 애호박 팽이버섯 두부 굴림만두 새송이버섯 닭가슴살 양파 마늘 부추 두부 간장 녹말가루 밀가루 육수 돼지고기앞다리살 무 양파 대파 저염된장 물
295	해물순두부된장찌개	바지락 주꾸미 마른 미역 마른 표고버섯 순두부 대파 육수 멸치 양념 된장 콩가루
296	곤약함박스테이크	새송이버섯 가지 브로콜리 양파 파프리카 방울토마토 아스파라거스 올리브유 어린잎채소 스테이크반죽 곤약 두부 쇠고기 양파 당근 셀러리 마늘 대파 맛술 찹쌀가루 빵가루 달걀 유자청간장소스 유자청 저염간장 물
297	아몬드치킨볼	양송이버섯 버터 닭다리살 닭가슴살 아몬드 밀가루 우유 들깻가루 브로콜리 마늘 육수 닭뼈 양파 양송이버섯 밑동 마늘
298	양배추롤	현미 멥쌀 다시마 새우가루 양배추 얇게 썬 쇠고기부채살 송송 썬 붉은 고추 달래무침 달래 간장 참기름
299	생선베이컨말이	피망 파프리카 시금치 저염베이컨 동태포 저염버터 생크림 새싹채소
300	콩고기샐러드	콩고기 아보카도 바나나 가지 연근 방울토마토 만두피 저염간장양념 저염간장 물 설탕 허브오일드레싱 저염소금 식초 로즈마리 통후추 올리브유 꿀
301	퀴노아닭가슴살샐러드	수박껍질 토마토 닭가슴살 감자 가지 양파 피망 아스파라거스 퀴노아 리코타치즈 양상추 플레인 요구르트 어린잎채소 복분자소스 복분자 레몬즙
302	바나나크림파스타	바나나 아보카도 토마토 저염베이컨 바질가루 마늘 양파 휘핑크림 저염치즈 우유 스파게티면
303	산채쌀파스타	신선초 참나물 취나물 적겨자 깻잎 양파 오이 붉은 고추 풋고추 쌀파스타면 파스타소스 된장 청국장 양파 애호박 으깬 두부 마늘 들기름
304	황태포당면국수	감자 양파 당근 대파 청양고추 팽이버섯 달걀 당면 쑥갓 육수 멸치 황태포 양념 마늘 저염간장
305	닭갈비볶음면	마늘 깻잎 쪽파 파프리카 양파 대파 방울토마토 닭가슴살 이태리시즈닝 라면 양념 카레가루 고춧가루 고추장 참기름
306	오색볶음면	양파 청경채 두 가지 색 파프리카각 씩 쪽파 라면 채 썬 돼지고기 양념 마늘 고추기름 설탕 두반장 라면스프
307	로제소스라면	새우 조개 홍합 새송이버섯 양파 토마토 라면 우유 생크림 월계수잎 정향 파르메산 치즈가루 파슬리가루
308	라면월남쌈튀김	라면 배 파인애플 파프리카 쇠고기우둔살 레드와인 매실청 라이스페이퍼 달걀 빵가루 어린잎채소 쇠고기 양념장 생강즙 저염간장 물 양파 파 마늘
309	삼겹살라면	라면 쪽파 육수 돼지고기삼겹살 대파 얇게 썬 생강 가다랑어포 조림양념 저염간장 맛술 흑설탕
310	유자샐러드라면	라면 양상추 케일 파프리카 비타민 유자드레싱 식초 레몬즙 유자청 올리브유
311	토마토라면	애호박 양파 청양고추 대파 토마토 라면스프 라면 육수 다시마 멸치 무 물
312	토마토샐러드라면	양상추 치커리 굵은 면발 라면 삶은 닭가슴살 방울토마토 파슬리가루 소스 설탕 식초 레몬즙 저염간장 마늘 토마토 양파 올리브유
313	검은깨라면크로켓	검은깨 빵가루 라면 달걀 녹말가루 쇠고기 땅콩 어린잎채소 방울토마토 소스 통계피 생강 조청 물엿 흑설탕 발사믹드레싱 발사믹식초 올리브유
314	김말이두부스테이크	두부 김 허브소금 소 양파 표고버섯 새송이버섯 밀가루 흰후추 곁들이채소 고구마 단호박 양파 아스파라거스 레드와인소스 레드와인 토마토 마늘 버터 올리브유 허브소금 발사믹식초
315	연어롤샐러드	연어 단호박 방울토마토 시금치 영양부추 소스 잣 더덕 마늘 식초 올리브오일
316	비타민이유식	멜론 브로콜리 감자 요거트 설탕
317	한입꼬치구이	통삼겹 고구마 대파 가지색 미니파프리카 청피망 양송이 건고추 어간장 통후추 로즈마리 마늘기름 소스 오렌지주스 레몬즙 올리고당 후추
318	간장곤약볶음국수	곤약국수 사과 레몬즙 볶음양념 맛간장 버터 소스 흑임자 플레인요거트 그라놀라 꿀
319	닭가슴살리조또	닭가슴살 찰보리 찹쌀 청피망 표고버섯 청양고추 양파 홍피망 생크림 우유 올리브오일 함초소금 고명 건조토마토
320	녹차귀리라떼	브로콜리 귀리 닭육수 우유 녹차가루 아몬드슬라이스 무염버터 흰후추 우유 생크림
321	계란숙샐러드	달걀 쇠고기 게맛살 감자 천연조미료 물 브로콜리 방울토마토 미니파프리카 영양부추 소스 매실청 발사믹식초 올리브오일 후추 식초
322	한식풍닭가슴살스테이크	닭가슴살 미나리 쌀 청경채 무조림 무 맛간장 고춧가루 물 소스 된장 매실청 들기름 검은깨
323	강황고구마밥	쌀 강황가루 고구마 닭육수 양념장 영양부추 간편 어간장
324	된장시금치옹심이	시금치 감자 애호박 당근 양파 청고추 홍고추 밀가루 국물 바지락 저염된장 볶은소금
325	족발수육	양념족발 고구마 가지 맥주 백김치 백김치 무침양념 참기름 통깨
326	함초떡갈비	갈은 소고기 갈은 돼지고기 당근 새송이버섯 함초 양파 샐러리 대파 참기름 통깨 함초소금 소스 발사믹식초 설탕 흰후추
327	삼색소면	가지색 소면분홍 흰색 씩 쪽파 청고추 홍고추 마늘 국물 다시마물 시조개 볶은소금 청주
328	돼지수육맑은전골	통삼겹 된장 통후추 팽이버섯 당근 배추 청경채 애호박 숙주 청양고추 육수 천연다시다 물 곁들이장 어간장 겨자 식초 깨
329	채소비빔밥	쌀 바지락 물 참기름 흰후추 애호박 양파 오이 당근 표고 두부볶음 두부 함초 깻잎 양파
330	열무김치파스타	파스타면 열무김치 오이 청홍고추 각각 노란 파프리카 양파 당근 생들기름 통깨 청양고추
331	해초갈비찜	찜갈비 마른미역줄기 감자 양파 청고추 홍고추 대추 당근 메추리 양념장 맛간장 생강청 후추 참기름 올리고당 통깨
332	버섯곤드레밥	쌀 건곤드레 느타리버섯 참기름 비빔장 두부 된장 참기름 통깨
333	바다향이 풍부한 전복죽	전복 당근 건조미역 찹쌀 흑임자 참기름 청주 흰후추
334	주꾸미연포탕	주꾸미 무 양파 대파 미나리 단호박 청고추 국물 해물육수 청양고추 마늘 흰후추
335	함초소고기말이	쇠고기구이용 마늘 홍고추 양파 함초 무순 노란색파프리카 소스 마늘기름 맛간장 허브식초 연겨자 버섯마늘소금
336	묵계밥	도토리묵 올방개묵 검정깨묵 각각 귀리밥 계란 콩나물 국물 닭가슴살 마늘 대파 양파 맛간장 흰후추 버섯마늘소금
337	근채류주먹밥	우엉 연근 감자 청고추 양파 당근 쌀 오이 통깨 맛간장 참기름 마늘기름 함초소금
338	단호박약식	미니 단호박 찹쌀 밤 대추 크린베리 양념장 맛간장 참기름 계피가루
339	달콤스테이크	소 채끝살 감자 시금치 당근 소스 레드와인 cc 망고 딸기잼 볶은소금 후추 무염버터 설탕 레몬즙
340	불고기덮밥	쌀밥 소불고기 양파 청고추 홍고추 팽이버섯 계란 쪽파 마늘기름 통깨 양념장 맛간장 생강청 흰후추 참기름
341	바비큐리조또	통삼겹 조림장 맛간장 통후추 발사믹식초 흰후추 청국장리조뜨 밥 청국장가루 야채육수 감자 올리브오일 영양부추 곁들이채소 적양배추 사과 마늘 올리브오일
342	간편콩국수	메밀면 백일송이 마늘기름 통깨 볶은소금 고명 애호박 양파 청고추 홍고추 국물 두유 두부
343	듬해물찜	전복 자숙새우 소라살 마늘 대파 청고추 홍고추 홍피망 양파 양념장 멕시코고추 맛간장 올리고당 참기름 흰후추 물
344	크렌베리귀리밥	백미 크렌베리 귀리
345	블루베리냉스프	검은콩두유 꿀 딸기 블루베리 저지방우유 볶은현미 바나나 고명 브로콜리 라이스페이퍼 건조체리
346	토마토제철나물 샐러드	영양부추 치커리 적양배추 배추 방울토마토 양파 두부크루통 두부 식용유 소스 마늘 참깨 흑임자 꿀 참기름 맛간장 레몬즙 식초
347	브로콜리스프	닭육수 양송이버섯 브로콜리 생크림 함초소금 고명 바케트 청양고추버터 청양고추 버터 방울토마토 설탕
348	초계샐러드	닭가슴살 달걀 오이 피망 파프리카 시금치 소스 잣 식초 연겨자 설탕 참깨 흰후추 고명 대추
349	토마토맑은장국	방울토마토 시금치 배추 팽이버섯 육수 닭육수 양념 일식된장
350	매생이찰범벅	우유 매생이 찹쌀 단호박 밤 녹차소금 멸치육수
351	통삼겹맥적구이	통삼겹 닭육수 구이소스 저염된장 꿀 청주 참기름 통깨 샐러드 수삼 배추 당근 샐러드소스 식초 참기름 맛간장
352	닭가슴살샌드스테이크	닭가슴살 시금치 양파 콜리플라워 브로콜리 양송이 방울토마토 닭육수 버터 흰후추 올리브오일 소스 버터 꿀 오렌지주스 레몬즙 흰후추
353	치즈리조또	단호박 우유 유기농 아기치즈 멥쌀 생 표고버섯 참기름 볶은소금
354	가지말이샐러드	가지 감자 미니파프리카 양파 마늘튀김 소스 홀그레인머스터드 올리브오일 설탕 올리고당 레드와인 곁들이채소 어린채소 고명 파마산치즈
355	함초타락죽	찹쌀 우유 함초 크렌베리 파마산치즈
356	황태두부무국	황태 두부 함초 무 청고추 홍고추 쪽파 흰후추 어간장 대파뿌리
357	삼합잡채	주꾸미 바지락살 소고기 닭가슴살 양파 청고추 홍고추 당근 미나리 양념장 맛간장 마늘기름 통깨 참기름
358	고등어카레탕수	냉동고등어 전분가루 식용유 우유 카레가루 감자 애호박 방울토마토 양파 사과 꿀
359	효도강정	볶은현미 볶은율무 볶은수수 혼합견과 흑임자 소스 올리고당 설탕 기름
360	비트양파김치	양파 절임물 물 볶은소금 식초 비트 국물 절임물 생강청 식초 청양고추
361	관자브로콜리스프	관자 양파 브로콜리 시금치 생크림 우유 버터 파마산가루 흰후추 마늘칩
362	곤약잡채	실곤약 당근 오이 양파 팽이버섯 청고추 홍고추 영양부추 달걀 식용유 소스 맛간장 흑설탕 흰후추 양념 참기름 통깨 레몬즙
363	미역 닭가슴살전	닭가슴살 미역 두부 청양고추 대파 당근 계란 소스 저염간장 식초 레몬즙 고추냉이 통깨
364	두가지묵샐러드	두가지 묵올방개묵 검정깨묵 씩 당귀잎 양파 노란 파프리카 배추 소스 저염간장 유자청
365	블루베리양갱	흰앙금 블루베리 설탕 한천 물
366	장어찜	장어 우유 후추 곁들이 샐러드 우엉 인삼 미나리 팽이 양파 샐러드소스 청고추 홍고추 맛간장
367	두부까나페	단단한 두부 슬라이스햄 올리브오일 로즈마리 볶은소금 샐러드 마요네즈 당근 양파 오이 소스 맛간장 양파 후추
368	두부청국장죽	청국장가루 두부 밥 표고버섯 당근 애호박 양념장 참기름 맛간장 버섯마늘소금 흰후추 흑임자
369	망고샐러드	증편 망고 양상추 치커리 방울토마토 양파 소스 올리브오일 유자청 식초 볶은소금 후추 파프리카노랑 청피망 홍피망 통깨
370	열무곤약국수	열무김치 실곤약 오이 레몬 양파 계란 당근 통깨
371	장어구이	장어 우유 뿌리채소조림 우엉 더덕 생강 맛간장 생강청 올리고당 발사믹식초 곁들이김치 명이김치 백김치
372	안심스테이크	안심 아스파라거스 당근 감자 호두 소스 망고 블루베리잼 버터 포도주 올리고당 흰후추 볶은소금
373	로제파스타	토마토홀 토마토 푸실리 치즈가루 파슬리가루 함초소금 마늘오일 곁들이야채 양파 가지 파프리카 애호박
374	가지라따뚜이	가지 피망 파프리카 양파 토마토페이스트 애호박 치즈가루 바질잎
375	쪽갈비구이	쪽갈비 올리브오일 통후추 건 로즈마리 와인 곁들이채소 방울토마토 양파 레몬껍질 소스 마요네즈 식초 홀그레인 머스터즈 설탕 백후추
376	베이컨밀푀유	배추 깻잎 베이컨 무 숙주 청경재 백일송이 국물 채소국물 표고버섯 다시마 무 마늘 대파뿌리 양파 맛간장 소스 멸치간장 와사비 레몬즙 소스 칠리소스 올리고당 레몬즙
377	실곤약냉파스타	실곤약 칵테일새우 브로콜리 바질 레몬즙 소스 잣 바질페이소스 마늘오일 드라이토마토
378	명란프리타타	명란젓 생크림 달걀 흰추후 시금치 방울토마토 올리브유
379	양송이구이	양송이 로즈마리 소 돼기고기 청양고추 후추 달걀 밀가루 소스 홀스레디쉬 레몬즙 후추
380	함초김치	함초 배추 양파 무 간편 어간장 국물 오렌지주스 유자청 식초 설탕 야채국물
381	연어스테이크	연어 건조다시마 사방 잎녹차 브로콜리 호두 귀리 쌀 미소된장 흰후추 화이트와인 생크림 수제조미료 닭육수 버터
382	웰빙꼬치	닭가슴살 자숙새우 소라살 방울토마토 단호박 대파 가지색 파프리카 양파 후추 레드와인 마늘 올리브오일 통후추 소스 발사믹 식초 설탕 버터
383	매운닭날개구이	닭날개 감자 방울토마토 브로콜리 마늘 양파 버터 후추 황설탕 고춧가루 레드와인 멕시코고추
384	웰빙카레죽	카레가루 귀리밥 닭가슴살 애호박 감자 양파 방울토마토 마늘 버터 칵테일새우
385	토마토스프파스타	홀토마토 토마토 먹물파스타 치즈 파슬리가루 함초소금 올리브오일 곁들이 야채 양파 가지 가지색 파프리카 애호박
386	다이어트국수	실곤약 물김치국물 오이 달걀 당근 양파 통깨 레몬즙 탄산수 어간장
387	오징어구이	오징어 미니파프리카 양파 청고추 홍고추 양념장 고춧가루 홀토마토 고추장 설탕 올리고당 후추 참기름 고명 볶은 현미
388	배숙구이	배 후르츠칵테일 생강청 방울토마토 탄산수
389	웰빙스테이크	쇠고기등심 시금치 마늘 양파 건바질 감자 레몬 파슬리가루 소스 르네디종 홀그레인머스터 사과 버터
390	오징어콩순대	오징어 옥수수 귀리밥 강낭콩 당근 미니파프리카 피망 대파 양파 카레가루 흰후추 참기름 밀가루 레몬즙
391	토마토소고기장조림	소고기 우둔살 메추리 방울토마토 마늘 꽈리고추 양파 양념장 맛간장 흰후추 어간장 설탕
392	토마토소고기찜	소고기우둔살 샐러리 당근 양파 화이트와인 홀토마토 버터 레몬 흰후추 파슬리가루 함초소금
393	맛간장삼치구이	삼치 생강 대파 통깨 버터 소스 맛간장 생강청 커피
394	삼겹살꼬치구이	삼겹살 방울토마토 마늘기름 후추 로즈마리 통후추 대파 마늘 꽈리고추 대파채 대파 고춧가루 레몬즙
395	새우아욱죽	귀리밥 아욱 건새우 칵테일새우 저염 된장
396	까르보나라뇨끼	감자 깻잎 베이컨 백일송이 흰후추 버터 우유 생크림 설탕 치즈가루
397	호박죽	단호박 찹쌀가루 브로콜리 양파 볶은 현미 버섯마늘소금 흰후추 치즈가루
398	라이스버거떡갈비	라이스버거 밥 맛간장 전분가루 팽이버섯 흰후추 달걀 떡갈비 맛간장 후추 토마토겉절이 토마토 미나리 맛간장 청고추 홍고추
399	고추김치	오이고추 영양부추 연근 무 절임물 해물육수 어간장 양념 고춧가루 생강청 통깨
400	카스텔라케이크와 해독주스	카스텔라 꿀 견과류 요거트 체리 해독주스 바나나 브로콜리 사과 당근 방울토마토
401	토마토김치	방울토마토 영양부추 양파 청고추 홍고추 양념 바나나 배 고춧가루 매실청 간편 어간장 통깨 참기름 젓갈
402	닭가슴살스튜	닭가슴살 당근 양파 브로콜리 감자 방울토마토 우유 올리브유 소스 토마토페이스트 밀가루 흰후추
403	가지겉절이	가지 양파 대파 청고추 홍고추 간편 어간장 양념장 고추장 생강청 통깨 매실청 고춧가루 식초
404	저염 동치미	함초 사과 양파 무 쪽파 청고추 홍고추 마늘 함초소금 찹쌀가루 매실청
405	장어수육구이	장어 양파 통생강 생강청 소스 씨겨자 통깨 매실청
406	울금해초밥	울금가루 쌀 올리브오일 건조미역줄기 맛장 일본된장 두부 고춧가루 참기름
407	미역줄기두부무침	건조미역줄기 두부 로즈마리 혼합견과류 소스 맛간장 흰후추 통깨 식초
408	맑은육개장	고사리 무 대파 양파 팽이버섯 볶은소금 국물 소고기 양지 물 마늘 청양고추 고사리양념 맛간장 후추
409	주꾸미보양샐러드	주꾸미 사과 더덕 양파 청고추 홍고추 소스 마늘기름 식초 레몬소금 흰후추 레몬즙
410	전복내장밥	전복 칵테일새우 바지락살 당근 연근 단호박 찹쌀 참기름 소주 흰후추 마늘기름
411	카레감자전	감자 유기농 밀가루 카레가루 양파 루콜라 마늘기름 소스 발사믹식초 저염간장 설탕
412	두부채소샐러드	두부 건 표고버섯 치커리 홍고추 노란색 파프리카 방울토마토 소스 요거트 겨자 꿀 레몬즙
413	더덕비트물김치	더덕 양파 청고추 홍고추 식초 국물 비트 함초소금 생강청 식초
414	주꾸미머리순대	주꾸미 미나리 양파 당근 계란 생강청 레몬즙 소스 고추장 레몬즙 생강청 통깨
415	매실동치미	무 연근 사과 배 함초소금 국물 매실청 생강청 함초소금 청양고추
416	조기까스	조기 허브크러스트 후추 화이트와인 마늘오일 전분 소스 고추장 저염간장 화이트와인 버터 흰후추 마늘오일
417	돼지머리수육맑은전골	돼지머리 우동면 미나리 청고추 소스 일본 된장 청주 무 육수 해물육수 청양고추 맛간장
418	파인애플볶음밥	밥 칵테일새우 파인애플 통조림 양파 청고추 노란파프리카 빨간파프리카 마늘 계란 마늘기름 흰후추 레몬소금 맛간장 통깨
419	연근초무침	연근 양파 오이 밤 소스 유자청 강황가루 잣 설탕 식초
420	코다리맑은찜	코다리 콩나물 미나리 함초 무 함초소금 양념 간편어간장 함초소금 생강청 흰후추 청주 레몬즙 연겨자 통깨
421	뿌리채소두부선	두부 전분 계란 흰후추 소 우엉 인삼 감자 청고추 홍고추 마늘기름 흰후추 소스 일본된장 마늘기름 들기름 식초 올리고당 마요네즈 땅콩잼 참깨
422	사과장아찌	풋사과 양파 청고추 홍고추 소스 맛간장 식초 설탕 생강청 매실청 청주
423	해물들깨탕	주꾸미 전복 칵테일새우 양파 청고추 홍고추 계란 청주 국물 거피한 들깨가루 저염간장
424	참외깍두기	참외 양파 청고추 홍고추 대파 미나리 양념장 저염간장 생강청 고춧가루 통깨
425	새콤한연어샐러드	연어 어린잎 말린 토마토 양파 가지색 미니파프리카 소스 유자청 감식초 정종 볶은소금
426	논우렁순무섞박지	콜라비 논우렁 미나리 양파 청고추 홍고추 대파 양념 고춧가루 생강청 저염간장 플레인요구르트
427	코다리맑은탕	코다리 무 감자 양파 청양고추 미나리 백일송이버섯 참기름 국물 저염간장 흰후추
428	장어조림	장어 깻잎 청고추 홍고추 양파 생강 양념장 맛간장 올리고당 청주 참기름 흰후추 통깨 통마늘 대파
429	통삼겹스테이크	통삼겹 건로즈마리 로즈마리 올리브유 곁들이채소 백일송이 당근 양파 곁들이채소 가지색 미니파프리카 양파 식초 설탕 매쉬포테이토 감자 버터 우유 소스 된장 플레인요구르트 설탕 고명 볶은현미
430	저염된장 삼치구이	삼치 치커리 전분가루 구이소스 일본된장 청주 곁들임소스 유자청 청고추 홍고추
431	미역전복죽	전복 찹쌀 당근 다시마 사방  건조 자른미역 참기름 검정깨
432	불고기미니볼	빵가루 계란 밀가루 식용유 단호박 감자 로즈마리 양념장 참기름 맛간장 생강청 흰후추 통깨 소스 딸기잼 오미자청 물
433	치자연근물김치	연근 당근 미나리 청고추 홍고추 마늘 치자가루 생강청 식초 볶은소금 설탕
434	훈제연어롤	훈제연어 양파 피클 소스 오렌지 오렌지 주스 설탕 레몬 물녹말 스위트칠리 곁들임채소 아스파라거스 어린잎
435	크림닭	닭가슴살 우유 밀가루 달걀 빵가루 튀김기름 양송이버섯 양파 버터 크림소스 캐슈넛 생크림 짜렐라치즈 곁들임 어린잎 파슬리가루
436	등심채소롤	돼지등심 파프리카 시금치 파인애플 치즈 밀가루 달걀 빵가루 튀김기름 소스 칠리소스 설탕 물녹말녹말가루 물
437	유부완자탕	유부 두부 새우 배추 표고버섯 양파 당근 마늘 저염소금 미나리 육수 저염간장
438	미니밥버거	밥패티 찹쌀 현미쌀 올리브오일 버터 소고기패티 양파 마늘 빵가루 생크림 으깬두부 소스 마요네즈 치즈 토마토
439	파프리카볶음밥	당근 쥬키니호박 표고버섯 양송이버섯 파인애플 버터 밥 닭고기살 저염간장 양파 올리고당 토마토 페스트 토마토 파프리카 달걀 짜렐라치즈 파슬리가루
440	리코타치즈돈가스	돼지등심 올리브오일 밀가루 달걀 빵가루 튀김기름 리코타치즈 우유 레몬즙 짜렐라치즈 소스 양파 토마토 마늘 사과 케첩 돈가스소스
441	삼색샌드위치	식빵 토마토 어린이치즈 양상추 감자 올리고당 달걀 당근 오이 양파
442	황태탕수육	황태채 밀가루 찹쌀가루 녹말가루 삼색분말각 달걀 튀김기름 소스 파프리카 양파 당근 오이 파인애플 저염간장 설탕 식초 물녹말녹말가루 물
443	밥핫도그	소시지 나무막대기 밀가루 달걀 빵가루 튀김기름 파프리카 밥 감자 달걀흰자
444	스테이크카나페	소등심 로즈마리 애호박 양파 가지 파프리카 토마토 소스 발사믹소스 설탕 마늘 사과
445	꽃밥	라이스페퍼 당근 달걀 시금치 돼지고기 마늘 대파 맛술 저염간장 설탕 통깨 참기름 고구마 두부 토마토 양파 견과류
446	버섯만두찜	밀가루 시금치가루 호박가루 백년초가루 물 식용유 양파 양송이버섯 새송이버섯 표고버섯 두부 새우 마늘 우유 생크림
447	떡갈비주먹밥	찹쌀가루 밥 대파 맛술 저염간장 생크림 식용유 새송이버섯 시금치 당근 양파 마늘 떡볶이떡 저염간장 올리고당
448	홍합죽	쌀 참기름 홍합 양파 당근 표고버섯 건새우 육수 건새우 다시마
449	샐러드돈가스	돼지등심 정종 우유 밀가루 달걀 빵가루 튀김기름 소스 삶은 달걀 피클 마요네즈 곁들임채소 방울토마토 양상추 어린잎채소 파슬리가루
450	조개크림파스타	스파게티 올리브오일 양송이 새우 파슬리가루 버터 양파 마늘 밀가루 육수 우유 생크림 육수 조개 물
451	닭날개튀김	닭봉 오렌지 레몬 생강즙 카레가루 튀김기름 소스 양파 땅콩 마요네즈 파스리가루 요거트 곁들임채소 어린잎
452	해산물리조또	보리쌀 당근 양파 마늘 대파 버터 오징어 새우 시금치 생크림 우유 치즈 파슬리가루 육수 조개 다시마
453	떡완자조림	쇠고기 돼지고기 매실액 맛술 양파 당근 새송이버섯 마늘 대파 떡볶이떡 식용유 저염간장 올리고당 참기름 통깨
454	닭고기채소스파게티	닭고기살 스파게티 올리브유 브로컬리 양송이 표고버섯 파프리카 당근 양파 토마토 토마토페스트 육수 토마토소스 케첩 생크림
455	마마무스프	무 마 우유 생크림 시금치 대파 양파 육수 버터
456	단호박리조또	현미 단호박 양송이버섯 양파 버터 우유 설탕 단호박가루 생크림 요거트 곁들임 캐슈넛 아몬드 어린잎
457	토마토떡볶이	떡볶이떡 어묵 양파 당근 표고버섯 양배추 대파 육수 소스 고추장 케첩 올리고당 토마토 사과 버터
458	소고기채소볶음	소고기등심 올리브오일 브로컬리 양파 당근 토마토 파프리카 식용유 소스 포도주스 올리고당 칠리소스
459	양송이크림볶음밥	닭고기살 양송이 떡볶이떡 양파 당근 버터 밥 육수 우유 생크림 치즈
460	해물우동볶음	새우 오징어 조개살 양배추 파프리카 청경채 당근 양파 저염버터 우동 굴소스 칠리소스 가쯔오부시
461	단호박닭꼬치	닭다리살 우유 떡볶이떡 단호박 양파 대파 꼬치 소스 고추장 케첩 올리고당
462	떡갈비콩나물밥	쌀 콩나물표고버섯 브로컬리 김치떡갈비 소고기 배 맛술 설탕 저염간장 대파 마늘 참기름 통깨 김치 떡볶이떡
463	크림치즈떡볶이	떡볶이떡 펜네 양파 버터 밀가루 육수 생크림 우유 짜렐라치즈 파슬리가루
464	목살스테이크	돼지목살 생강 로즈마리 칠리소스 케첩 포도주스 양파 마늘 버터 브로컬리 당근 적채 샐러리
465	치킨완자스프	버터 밀가루 육수 생크림 브로컬리 우유 닭고기살 대추 표고버섯 당근 마늘 양파 참기름
466	돼지고기말이튀김	돼지등심 깻잎 당근 청피망 양파 치즈 밀가루 달걀 빵가루 튀김기름 튀김소스 마요네즈 두부 생크림 요구르트 설탕 머스터드 곁들임 어린잎
467	단호박피자	소고기 마늘 맛술 미니단호박 생크림 양송이 양파 당근 청피망 파프리카 베이컨 햄 올리브오일 짜렐라치즈 파슬리가루
468	LA갈비구이	LA갈비 배 양파 양념 저염간장 월계수잎 통후추 올리고당 정종 설탕 매실액 대파 마늘 참기름 통깨
469	닭고기파스타	마늘 양파 양송이버섯 버터 스파게티 올리브오일 짜렐라치즈 닭가슴살 닭살 밀가루 소스 토마토 토마토소스 올리고당 굴소스 육수 우유
470	토마토젤리	토마토 판젤라틴 레몬 올리고당 블루베리 설탕
471	샌드스테이크	닭가슴살 버터 느타리버섯 시금치 굴소스 올리브오일 카레소스 베이컨 양파 카레가루 대파 생크림 우유 곁들임 어린잎채소
472	맥적구이	돼지고기 생강 저염간장 정종 설탕 대파 마늘 양파 참기름 통깨 새송이버섯 표고버섯 가지 홍피망 된장소스 된장 마요네즈 생크림 땅콩
473	채소어묵	생선살 맛술 생강 밀가루 양파당근 샐러리 마늘 옥수수 어린이치즈 튀김기름
474	주꾸미보리죽	주꾸미 밀가루 보리 미나리 당근 양파 참기름 육수 저염치즈 우유 저염간장
475	오렌지삼겹찜	삼겹살 로즈마리 고구마 생크림 감자 튀김기름 브로컬리 올리브오일 소스 오렌지 설탕 정종 저염소금 와사비
476	소고기볼게살타르	소고기 마늘 양파 파프리카 빵가루 버터 식용유 소스 고구마 바나나 마요네즈 매실액 게맛살 곁들임채소 어린잎 브로컬리 미니새송이
477	수삼떡갈비	수삼 양파 대파 마늘 저염간장 정종 찹쌀가루 새송이 대추 통깨 어린잎 소스 저염간장 올리고당 설탕 육수
478	삼색딤섬	밀가루 백년초가루 뽕잎가루 치자가루 미나리 두부 오징어 소고기 양파 부추 숙주 대파 마늘 참기름 통깨
479	밥크로켓	양파 대파 당근 마늘 식용유 메추리 밥 밀가루 녹말가루 달걀 빵가루 튀김기름 소스 칠리소스
480	가지토마토구이	가지 올리브오일 토마토 짜렐라치즈 소스 토마토소스 토마토 곁들임 팽이버섯
481	함박스테이크	소고기 돼지고기 양파 마늘 깻잎 올리브오일 메추리 숙성 달걀 녹말가루 빵가루 소스 마른고추 대파 마늘 와인저염간장 올리고당 설탕 토마토
482	냉파스타	스파게티 올리브오일 소고기 저염간장 설탕 마늘 깻잎 양파 파프리카 육수 설탕 식초 저염간장
483	과일겉절이	사과 배 설탕 바나나 키위 파인애플 마 양념장 마늘 식용유 고춧가루 식초 저염간장 설탕
484	버섯탕수	새송이버섯 느타리버섯 표고버섯 녹말가루 달걀 튀김기름 키위 소스 저염간장 설탕 식초 물녹말녹말가루 물 오이 양파 당근 목이버섯
485	유자등갈비구이	등갈비 월계수잎 생강 통후추 식용유 마늘 적양배추 양파 당근 소스 유자청 사과 밤 생크림 설탕 식초
486	실곤약팟타야	실곤약 소고기 숙주 양파 청피망 홍고추 소스 굴소스 마늘 액젓
487	닭고기라이스롤	닭고기 우유 수수 쌀 파프리카 당근 양파 애호박 식용유 소스 토마토 마늘 케첩 육수
488	깐풍파스타	밀가루 뽕잎가루 백년초가루 호박가루 올리브오일 닭고기 생강 정종 녹말가루 달걀 튀김기름 소스 크림소스 설탕 파프리카 청피망 깻잎
489	닭강정	닭고기 카레가루 녹말가루 튀김기름 저염간장 레몬즙 설탕 꿀 소스 요거트 양파 당근 파프리카 오이 케첩
490	소고기꼬치구이	소고기 인삼 올리브오일 파프리카 파인애플 표고버섯 대파 토마토 베이컨 마늘 꼬치 소스 유자청 저염간장 레몬 설탕
491	황태볶음면	황태 새우 오징어 굵은 양파마늘 대파 표고버섯 양배추 라면 숙주 올리브오일 마요네즈 설탕 볶음간장 다시마 생강즙 저염간장
492	토마토덮밥	쌀 가지 새우 소스 양파 마늘 올리브오일 토마토소스 케첩 토마토 설탕 곁들임채소 어린잎
493	표고크림파스타	양송이 표고버섯 스파게티 올리브오일 크림소스 밀가루 버터 우유 생크림
494	떡갈비통치미국수	동치미 배 식초 소고기 오이 당근 양파 정종 설탕 저염간장 마늘 대파 매실액 참기름 통깨 국수 식용유 곁들임채소 오이 당근 양파 정종 설탕 저염간장
495	백김치닭살샐러드	닭고기 월계수잎 통후추 정종 백김치 토마토 파프리카 당근 브로컬리 양상추 소스 발사믹식초 설탕 올리브오일
496	단호박크림파스타	단호박 파스타 마늘 버터 베이컨 양송이 양파 육수 우유 생크림
497	견과편수	흑임자 밀가루 우유 닭가슴살 마늘 부추 양파 대파 육수 마 바나나 머스터드 캐슈넛 잣 우유
498	바지락실곤약파스타	바지락 브로컬리 마늘 파프리카 청양고추 올리브오일 실곤약 곁들임채소 어린싹
499	황태리조또	두부 홍합 버터 황태 육수 생크림 달걀 참기름 통깨
500	누룽닭	닭가슴살 생강즙 정종 시금치 당근 양파 샐러리 파프리카 느타리 주꾸미 새우 청경채 누룽지 튀김기름 육수 저염간장 녹말가루 마늘
501	광어스테이크	광어 밀가루 달걀 아몬드 호두 올리브오일 소스 플레인요거트 꿀 레몬즙
502	치즈감자크로켓	감자 생크림 당근 양파 오이 짜렐라치즈 밀가루 달걀 빵가루 튀김기름
503	코코넛밀크카레	두부 코코넛밀크 당근 양파 브로컬리 돼지고기 감자 버터 카레가루 물
504	소고기리조또롤	쌀 강황가루 버터 마늘 양파 새송이 파프리카 소고기 하얀된장 생크림 육수
505	둥지튀김	닭고기살 달걀 녹말가루 백년초국수 뽕잎국수 치자국수 튀김기름 소스 레몬 설탕 연유 물 마늘 생강 식초 녹말가루
506	새우와스테이크	새우 버터 소고기 로즈마리 소스 와인 설탕 당근 양파 토마토 마늘 대파 발사믹소스 곁들임채소 아스파라거스 브로컬리 새송이 가지
507	함초삼겹	통삼겹살 함초가루 부추 버터 소스 유자청 쌈장 설탕 생크림 연두부 양파 당근
508	햄버거스테이크	돼지고기 소고기 마늘 로즈마리 빵가루 파프리카 소스 양파 플레인요거트 설탕 매실액 식초 녹말가루 곁들임채소 어린잎
509	유자삼치구이	삼치 녹말 식용유 소스 생강 유자청 레몬
510	냉토마토파스타	토마토 브로컬리 펜네 올리브오일 소스 마늘 양파 당근 방울토마토 올리브오일 육수 설탕 레몬즙 월계수잎
511	닭고기또띠아	또띠아 닭고기살 느타리버섯 사과 오이 파프리카 애호박 양파 식초 소스 아몬드 우유 머스터드 올리고당
512	닭고기스테이크	닭고기살 생강 정종 우유 오이 토마토 두부 흑임자 우유
513	오징어순대	통오징어 양파 당근 부추 견과류 두부 대파 마늘 녹말가루 정종 레몬 생강
514	연어차우더스프	시조개 연어 청피망 당근 양파 감자 밀가루 버터 육수 월계수잎 통후추 생크림 통마늘
515	연어허브스테이크	연어 로즈마리 레몬 올리브오일 소스 당근 양파 토마토 마늘 버터 밀가루 토마토 소스 육수 우유 월계수잎
516	해물칼국수	밀가루 녹말가루 덧밀가루 애호박 느타리버섯 양파 대파 홍합 새우 미더덕 저염간장 육수 건새우 멸치 다시마 무 양파 마늘
517	버섯리조또	양파 양송이 표고버섯 느타리버섯 버터 불린쌀 생크림 육수 건새우 건멸치 마늘 다시마 물
518	삼색소고기만두	애호박 부추 숙주 두부 달걀 소고기 파 마늘 참기름 만두피 시금치 당근 들깨가루 밀가루 녹말가루 육수 양파 다시마 건새우 건멸치
519	콩가루비빔밥	청포묵 참기름 달걀 오이 당근 고사리 표고버섯 식용유 쌀밥 소고기 곁들임채소 소고기 대파 마늘 참기름 고추장소스 고추장 콩가루 소고기
520	인삼닭살찜	닭가슴살 정종 대추 인삼 밤 표고버섯 새송이버섯치킨육수
521	양배추버섯말이	양배추 미나리 느타리버섯 표고버섯 팽이버섯 당근 오이 소고기 파 마늘 참기름 설탕 양념장 저염간장 맛술 참기름
522	단호박떡갈비	단호박 육수 파 마늘 양파 참기름 저염간장 매실액 찹쌀가루 설탕 잣
523	배추만두탕	배추 미나리 두부 부추 표고버섯 느타리 소고기 저염간장 대파 마늘 참기름 통깨 육수 양지육 무 마늘 저염간장
524	해산물누들볶음	홍합 조개 표고버섯 양파 홍파프리카 피망 오징어 칵텔새우 스파게티 올리브오일 마늘 커리가루
525	허브닭스테이크	닭가슴살 우유 로즈마리 저염버터 소스 토마토 마늘 저염버터 양송이 토마토케첩 생크림 곁들임채소 당근 감자 브로컬리
526	새우완자찜	새우 마늘 브로컬리 당근 양파 달걀 녹말
527	두부된장무침	두부 된장 쌈채 생크림
528	귀리죽	귀리 쌀 양파 부추 소고기 참기름 달걀 흑임자
529	탕평채	청포묵 맛소금 참기름 소고기 저염간장 설탕 참기름 미나리 숙주 홍파프리카 달걀 김 통깨 양념장 저염간장 설탕 식초
530	세가지샐러드	연두부 닭고기살 통후추 단호박 바나나 파프리카 토마토 어린잎 소스 마 생크림 요거트 식초 올리브오일 설탕 흑임자 잣
531	애호박들깨볶음	애호박 양파 대파 홍고추 들기름 마늘 건새우 들깨가루
532	고구마바나나샐러드	고구마 바나나 요거트 어린잎 잣 연유
533	누룽지새우튀김	새우 튀김가루 달걀 누룽지 튀김기름 소스 오렌지주스 설탕 식초 곁들임채소 어린잎
534	백김치주꾸미샐러드	백김치 주꾸미 파 양상추 홍고추 어린잎 샐러드드레싱 저염간장 식초 설탕 꿀 레몬 양파 마늘
535	닭고기월남쌈	닭고기살 로즈마리 양파 오이 파프리카 당근 라이스페이퍼 녹말가루 식용유 소스 마늘 고춧가루 설탕 식초 레몬즙
536	양배추롤	닭고기살 천일염 식용유 정종 양배추 부추 깻잎 홍파프리카 노랑파프리카 당근 양파 소스 요거트 머스터드 꿀 레몬즙 설탕
537	단호박소고기롤	소고기 저염간장 마늘 설탕 파프리카 오이 적양배추 사과 설탕 팽이버섯 무순 밀전병 단호박 밀가루 소스 마늘 양파 올리브오일 설탕 식초
538	생선카레튀김	생선살 생강 정종 녹말가루 깻잎 튀김반죽 콩가루 밀가루 카레가루 녹말가루 달걀 소스 마요네즈 요구르트 설탕 식초 곁들임채소 양상추
539	삼겹가지볶음	삼겹살 생강 정종 가지 양파 당근 깻잎 느타리버섯 대파 식용유 참기름 잣 통깨 양념장 고춧가루 저염간장 올리고당 설탕
540	주꾸미샐러드	주꾸미 밀가루 식초 양상추 미나리 홍고추 피망 소스 배 무 와사비 설탕 마늘 식초
541	닭가슴살현미스테이크	닭가슴살 정종 카레가루 현미쌀 튀김기름 소스 토마토소스 생크림 곁들임채소 적양배추 양배추
542	삼겹선	삼겹살 정종 생강즙 조 쌀 양파 파프리카 당근 새송이버섯 표고버섯 깻잎 파 소스 설탕 식초 레몬 고춧가루 매실액
543	미니버섯탕수	미니버섯 녹말가루 달걀흰자 튀김기름 소스 저염간장 홍초 설탕 브로컬리 오이 당근 홍파프리카 노란파프리카 물녹말녹말가루 물
544	삼겹살부추찜	삼겹살 생강 양파 월계수잎 통후추 소주 된장 부추 편마늘 홍고추 소스 저염간장 물 설탕 올리고당 통후추 생강 물녹말녹말 물
545	전복죽	쌀 전복 새우살양송이 당근 참기름 잣 소스 저염간장
546	오징어토마토초무침	오징어 미나리 토마토 양파 청고추 홍고추 대파 당근 통깨 양념장 토마토 고추장 식초 생강즙 올리고당
547	들깨칼국수	밀가루 녹말가루 식용유 달걀 애호박 홍고추 들깨가루 육수 건새우 멸치 양파 다시마 마늘 무
548	소고기채소불고기	소불고기 배 정종 양배추 양파 깻잎 표고버섯 당근 대파 청고추 홍고추 곁들임 채소 대추 통깨 소스 저염간장 올리고당 참기름
549	숙주라면	홍합 숙주 청경채 청고추 홍고추 고춧가루 굴소스 라면 대파 달걀 육수 멸치 건새우 무 양파 마늘
550	곤약냉면	실곤약 무 식초 설탕 홍파프리카 오이 배 달걀 국물 동치미국물 배즙 홍초 설탕 겨자 식초
551	과일갈비찜	돼지갈비 홍고추 참기름 통깨 배 사과 대추 밤 오이 양파 당근 무 양념장 저염간장 올리고당 설탕 마늘 대파 생강 소주
552	토마토소스닭갈비	닭 생강즙 소주 양파 당근 깻잎 양배추 고구마 소스 토마토 토마토소스 마늘 고춧가루 고추장 매실청
553	골뱅이과일무침	골뱅이 통깨 당근 양파 양배추 깻잎 대파 홍고추 청고추 황도 배 사과 바나나 파인애플 양념장 고추장 고춧가루 마늘 케첩 설탕 식초 매실액 생강즙 참기름
554	겨자소스를 곁들인 새우롤과 전복샐러드	새우 전복 연어 겨자가루 어린잎 요구르트 고추장 설탕 식초
555	속채운대저토마토백김치	토마토 배춧잎 오이 무 양파 마늘 생강
556	둥지튀김	닭고기살코기 달걀 레몬 통계피 감자 어린잎 메추리 밀가루 전분 설탕
557	들깨죽	사골육수 들깨가루 마늘 부추 홍고추 양파 당근 찹쌀
558	레몬크림콩다식	콩가루 꿀 레몬 생크림 설탕 레몬제스트
559	룰룰랄라	양상추 소고기 부추 닭고기 토마토 양파 전복 당근 양송이버섯 쌀
560	매실소스를 곁들인 돼지고기만두	돼지고기안심 당면 애호박 당근 표고버섯 목이버섯 양파 마늘 토마토 매실액
561	머스터드튤립치킨	닭고기날개 어린잎 파슬리 머스터드 양파 마늘 레몬 튀김가루 후추 식용유
562	머위향 통밀푸실리	머윗대 푸실리 올리브오일 마늘 양파 생크림 화이트와인
563	미니함박스테이크	소고기 돼지고기 대추 양파 마늘 새송이버섯 파프리카 배춧잎 단호박 당근 배 저염간장 설탕
564	바다완자탕	새우 바지락 무 다시마 대파 가쓰오부시 달걀 전분 홍고추 풋고추
565	봄옷을 입은 닭	닭고기가슴살 취나물 달걀 애호박 당근 표고버섯 오이 파프리카 고구마 누룽지 미나리
566	삼계치킨	닭고기가슴살 인삼뿌리 양송이버섯 마늘 양파 깻잎 아스파라거스 오렌지 레몬 생크림 대파 밀가루
567	삼계치킨롤	닭고기 인삼뿌리 대추 찹쌀 양파 대파 당근 마늘 생강 월계수잎 통후추
568	새우완자탕	새우 청경채 달걀 치킨육수 전분 요리술
569	아삭	아스파라거스 당근 무 식초 설탕 월계수잎 통후추
570	연어비트 절임샐러드	연어 비트 오렌지 양파 새싹 식용꽃 올리브오일 설탕 식초
571	연어오븐구이	연어 양파 토마토 파프리카 당근 마늘 청피망 레몬 생크림 화이트크림 버터
572	옥음밥	옥수수콘 애호박 당근 양파 새송이버섯 마늘 라이스페이퍼 저염간장 쌀 식용유
573	와사비 연어초밥	연어 쌀 당근 표고버섯 겨자가루 새싹 파슬리 식초 설탕
574	원소병	찹쌀가루 치자 오미자 대추 귤병 유자청 꿀 녹말 잣
575	음메꼬꼬돌돌	소고기 달걀 닭고기가슴살 미나리 찹쌀가루 홍고추 통후추 저염간장 설탕 식초
576	전복리조또	쌀 전복 당근 양파 양송이버섯 우유 올리브오일 버터
577	참깨흑임 자연두부샐러드	연두부 참깨 흑임자 파프리카 무순 날치 설탕 식초 마요네즈 우유
578	초계탕	닭고기다리 양파 파프리카 적양배추 오이 마늘 겨자가루 대파 설탕 식초
579	콩나물부추볶음	콩나물 부추 양파 당근 파 감자 식용유
580	콩비지포카치아 샌드위치	포카치아빵 콩비지 무장아찌 토마토 생치즈 루꼴라 올리브오일
581	파프리카더덕소고기깻잎롤	소고기살치살 파프리카 더덕 깻잎 파인애플 아스파라거스 양파 꿀 레몬 식초 올리브오일
582	해물아란치니	오징어 새우 토마토 양파 마늘 샐러리 밥 달걀 어린잎 레몬 빵가루
583	호박잎삼계	닭고기 인삼뿌리 미나리 대추 찹쌀
584	노른자크림 육회샐러드	소고기홍두깨살 두릅 아보카도 배 마늘 달걀 레몬 크림치즈 설탕 참기름
585	닭고기 완자삼계죽	닭고기 인삼뿌리 찹쌀 대추 마늘 대파 양파 통후추 저염간장
586	대하마늘볶음밥	대하 쌀 당근 깻잎 양파 숙주 대추 청고추 파 마늘 생강 식용유 양념 저염간장
587	두부 카프리제	소고기 돼지고기 표고버섯 마 연근 감자 깻잎 애호박 마늘 두유 설탕 저염간장
588	두유 마 떡갈비	소고기 돼지고기 떡볶이떡 흑미 현미 백미 조 애호박 당근 토마토 양송이버섯 양파 마늘 달걀 시금치 설탕 저염간장 참기름
589	떡갈비와 미니잡곡밥	소고기 돼지고기 떡볶이떡 흑미 현미 백미 조 애호박 당근 토마토 양송이버섯 양파 마늘 달걀 시금치 설탕 저염간장 참기름
590	리코타소스 연어샐러드	연어 토마토 우유 레몬 파인애플 아보카도 오이 오렌지 어린잎
591	망고무스케이크와 마카롱	달걀 아몬드 레몬 망고퓨레 버터 생크림 우유 물엿 설탕 판젤라틴
592	망고자몽드레싱 해산물전체	관자 새우 방울토마토 생크림 파슬리 당근 오이 단호박 브로콜리 감자 망고 레몬 자몽 설탕
593	머쉬룸 닭스테이크	닭고기 당근 양파 단호박 미니 양배추 새송이버섯 느타리버섯 버터 발사믹소스 올리브오일
594	미역소스와 타르타르	관자 새우 미역 새송이버섯 시금치 토마토 마늘 블랙올리브 메추리 레몬 두유 생크림 우유
595	발사믹소스를 곁들인 오리스테이크	오리고기가슴살 당근 토마토 새송이버섯 표고버섯 감자 아스파라거스 후추 올리브오일 발사믹소스 양파
596	방울토마토를 곁들인 너비아니구이와 쌈밥	소고기 흑미 아스파라거스 감자 당근 사과 양송이버섯 방울토마토 깻잎 배 브로콜리 마늘 설탕 저염간장 참기름
597	배차와 주악	쌀가루 밀가루 막걸리 배 통후추 꿀 생강 식용꽃 계피 설탕
598	배추관자카나페	관자 배춧잎 파프리카 레몬 고추장 매실액 설탕 파슬리
599	버섯과 두부 비프웰링턴	소고기안심 두부 양송이버섯 양파 당근 단호박 가지 감자 깻잎 마늘 버터 밀가루 달걀
600	복분자소스를 곁들인 닭테린	닭고기가슴살 시금치 브로콜리 토마토 고구마 아스파라거스 복분자 새송이버섯 마늘 치즈 전분
601	관자버터구이	관자 시금치 비트 양파 오이피클 고추피클 마요네즈 꿀 버터
602	세 가지 미니 에피타이저	연어훈제연어 새우 애호박 사과 오렌지 레몬 석류주스 판젤라틴
603	식혜양갱과 수박증편	엿기름 밥 미숫가루 막걸리 대추 잣 백년초 밀가루 찹쌀가루 버터 설탕 한천
604	아보카도 연어샐러드	연어훈제연어 양파 아보카도 파프리카 오렌지 사워크림 어린잎
605	오렌지마리네이드 돼지고기	돼지고기 시금치 양송이버섯 파프리카 마늘 오렌지 레몬 머스터드 꿀 생크림 우유 후추 올리브오일
606	인삼갈비탕	소고기갈비 인삼뿌리 당면 표고버섯 달걀 대추 양파 파 마늘 설탕 저염간장
607	체리젤리를 곁들인 고구마무스	체리 고구마 화이트 초콜릿 판젤라틴 피스타치오 헤이즐넛 캐슈넛 호두 아몬드 라즈베리 건포도 애플민트
608	카레닭 룰라이드	닭고기 카레가루 당근 양파 샐러리 아스파라거스 토마토 감자 생크림
609	세 가지곡물콩라미수	미숫가루 통조림콩 검은콩 바나나 흑임자 달걀 우유 애플민트 버터 설탕
610	크림치즈 망고무스	망고퓨레 라즈베리 피스타치오 크림치즈 요거트 생크림 판젤라틴 레몬 애플민트 설탕
611	토마토주스를곁들인토마토	줄기토마토 토마토 오이 양파 올리브오일 설탕
612	해산물 훈제연어롤	연어훈제연어 주꾸미 소라 완두콩 샐러리 파프리카 오이 당근 양파 고추장 식초 설탕
613	인절미 무스와 수정과 아이스크림	홍시 콩가루 계피 생강 호두 곶감 자몽 판젤라틴
614	감닭떡갈비	닭고기 감자 양파 달걀 마늘 찹쌀가루 매실청 식용유
615	겨자아욱쌈밥	현미 두부 아욱 날치 단호박 새싹 된장 생크림 매실청 참기름
616	다마고도후	달걀 다시마 요리술 저염간장 날치 말린 매생이 무순
617	단호박생채	단호박 부추 양파 까나리액젓 건새우 다시마 매실액 마늘 배 고춧가루
618	닭가슴살 스테이크	닭고기가슴살 토마토 가지 치즈 오레가노 마늘 올리브오일
619	동글동글도넛	소고기 돼지고기 토마토 양파 찹쌀가루 달걀 순두부 유자청
620	된장크림소스 잡곡 오므라이스	찹쌀 보리 율무 은행 팥 대추 호박 홍피망 청피망 양파 표고버섯 부추 마늘 달걀 전분 된장 로즈마리 생크림
621	두릅부추 소고기말이	소고기홍두깨살 부추 양파 두릅 대파 마늘 저염간장
622	두부 비빔호박쌈	두부 쌀 강황쌀 당근 애호박 숙주 고사리 호박잎 파인애플 올리고당 고추장 저염간장
623	두부곤약파스타	곤약 두부 배 양파 파프리카 양배추 적양배추 토마토 저염간장 설탕 식초
624	두유 라이크 파스타	스파게티 양파 베이컨 새송이버섯 브로콜리 홍고추 두유 견과류 치즈 올리브오일
625	라따뚜이	토마토 가지 애호박 홀토마토 양파 월계수잎 파슬리
626	라이스페이퍼 야채롤	새우 양파 파프리카 베이컨 아스파라거스 라이스페이퍼 깻잎 땅콩 블루베리
627	브로컬리 단호박스프와 완두콩퓨레	브로콜리 우유 단호박 고구마 완두콩 식빵 밀가루 버터 생크림 오렌지
628	삼색샐러드와두부구이	두부 홍피망 황파프리카 적채 양파 깻잎 흑임자 밀가루 매실액 저염간장 설탕
629	새송이등갈비	돼지고기등갈비 새송이버섯 당근 대파 양파 저염간장 올리고당 마늘
630	설렁탕쑥떡볶이	돼지고기뼈갈비 쑥 찹쌀가루 당근 감자 숙주 청양고추 홍고추
631	소안심 야채 호박잎쌈	호박잎 적채 파프리카 양파 오이 소고기안심 다시마 두부 고추장 설탕 식초
632	양배추 고기말이	양배추 돼지고기등심 두부 시금치 달걀 마늘
633	양배추 쌈말이	양배추 돼지고기 깻잎 사과 파프리카 당근 다시마 마늘 저염간장 가쓰오부시
634	연어샐러드	연어 레몬 발사믹소스 어린잎 올리브오일
635	오렌지 드레싱 타다키 부추샐러드	오렌지 양파 소고기등심 레몬 부추 양배추 견과류
636	우렁된장소스 배추롤	돼지고기 배춧잎 부추 쌀 당근 표고버섯 양파 애호박 우렁이 된장
637	인삼떡갈비	소고기 돼지고기 대추 양파 마늘 배 애호박 단호박 파프리카 인삼뿌리 양송이 배추잎 저염간장 설탕 두부
638	초계탕과 사색곤약	닭고기 가시오가피 대파 다시마 건새우 실곤약 비트 치자가루 마늘 양파 오이 겨자가루 식초 설탕
639	호박잎 삼계탕	호박잎 닭고기가슴살 찹쌀 대추 미나리 인삼뿌리
640	황태미역 곤약스프	황태채 곤약 건미역 들깨가루 두부 된장 액젓 표고버섯 마늘 참기름
641	훈제오리가슴살 샐러드	오리고기훈제오리 가슴살 발사믹소스 양파 파슬리 블루베리 레디쉬
642	훈제오리가슴살크러스트	오리고기훈제오리 가슴살 로즈마리 오렌지 새송이버섯 파슬리 땅콩 올리브오일 유자청
643	간장소스를 곁들인 새우전복찜	전복 새우 시금치 해초 저염간장 레몬 설탕 마늘 녹말 식용꽃
644	검은콩국수	검은콩 메밀면 오이 방울토마토 땅콩 잣 참깨
645	겨자소스로 구운 산마샐러드	산마 참나물 돈나물 토마토 레디쉬 어린잎 저염간장 식초 설탕 겨자가루
646	깻잎애호박찜	애호박 깻잎 양파 피망 파프리카 저염간장 매실액
647	녹차와 대추밀전병	소고기등심 오이 당근 양파 표고버섯 대추 계피가루 밀가루 녹차가루 달걀 잣 저염간장
648	단호박 된장매쉬와 해물굴림만두	소고기우둔살 새우 흰살생선 단호박 고구마 녹말 달걀 된장
649	닭순대	닭고기가슴살 당면 달걀 부추 밀가루 저염간장 당근 참기름
650	도라지 유자청생채	도라지 풋고추 홍고추 양파 라임주스 흑임자 유자청
651	돼지고기 숙주덮밥	가다랑어포 돼지고기 양파 표고버섯 팽이버섯 쪽파 달걀 쌀 숙주 밑간 육수 다시마 저염간장 물
652	두부스테이크	두부 양파 새송이버섯 달걀 케일 당근 토마토 칵테일새우 레몬 파인애플 마늘 올리브오일
653	들깨곤약수제비	곤약 표고버섯 새송이버섯 들깨가루 사골육수 마늘 식초
654	먹물소스를 곁들인 토마토피클	마 우엉 토마토 배 새싹 피클링스파이스 와인 먹물 설탕 식초
655	묵은지고등어와 새우말이꼬치	고등어 새우 새송이버섯 당근 미나리 깻잎 가지 오이 아몬드 마늘 파프리카 어린잎 양상추 땅콩 묵은지
656	버섯배추말이	배추 양배추 표고버섯 만송이버섯 미나리 다시마 식초 설탕 저염간장
657	봄날의 연못	문어 양파 오이 배 토마토 유자청 레몬 올리브오일 라임
658	산나물 유부초밥	취나물 참나물 곤드레나물 유부 쌀 식초 설탕 토마토
659	삼삼한 롤	연어훈제연어 양파 아보카도 당근 감자 새송이버섯 레몬 사워크림
660	삼색채소 냉파스타	닭고기가슴살 파스타 쥬키니호박 사과 비트 레몬 마늘 시금치 올리브오일 꿀
661	새우보리죽 고등어스테이크	고등어 새우 보리 생강 레몬 막걸리 비트 설탕 식초
662	소금없는 초밥	참치 파프리카 아스파라거스 표고버섯 달걀 밥 김 다시마 무 가쓰오부시 와사비 식초 설탕
663	시금치브로컬리 파스타	새우대하 스파게티 시금치 브로콜리 바질 생크림 올리브오일
664	야채찜을 곁들인 광어스테이크	광어 당근 단호박 가지 파프리카 콜리플라워 레몬 와사비 발사믹소스 저염간장 청주
665	연근부각	연근 식초 천일염 계피가루 식용유
666	오이냉국을 곁들인 오색쌈밥	돼지고기안심 쌀 도라지 애호박 양파 홍고추 미나리 오이 청포묵 쌈무 달걀 라이스페이퍼 고추장 참기름 고춧가루
667	카레탄두리치킨과 닭가슴살냉채	닭고기 오곡 인삼뿌리 대추 아스파라거스 당근 양파 오이 파프리카 카레가루 디종머스터드
668	컬리플라워소스 광어스테이크	광어 콜리플라워 감자 양파 시금치 가지 단호박 당근 우유
669	콜라비오미자 물김치	콜라비 오미자 무화과 파프리카 피망 쪽파 양파 건새우 다시마
670	크림소스치킨롤	닭고기가슴살 새우대하 베이컨 마늘 바질 아스파라거스 새송이버섯 치즈 버터
671	표고버섯 감자찜	표고버섯 감자 고수 당근 양파 홍고추 녹말
672	해물애호박 전병말이	새우 오징어 애호박 당근 깻잎 대추 밀가루 찹쌀가루 저염간장 식초 설탕
673	찬밥이용닭죽	찬밥 닭다리살 감자 통마늘 양파 당근 부추 물
674	감자느타리버섯국	감자 느타리버섯 두부 파 물 국멸치 홍고추 건다시마 마늘
677	민어매운탕	민어 쇠고기 양지 마늘 후추 참기름 무 애호박 애느타리버섯 풋 고추 홍고추 쑥갓 대파 생강즙 물 양념장 간 홍고추 간 양파 마늘 국간장 간장 맛술 굵은 고춧가루 고운 고춧가루
678	가지나물냉국	가지 청양고추 홍고추 실파 마늘 국간장 국물 다시마국물 건다시마 사과식초 감식초 통깨
679	수삼매운닭찜	토막 낸 닭 닭고기살 무게 수삼 건표고버섯 건표고버섯 불릴 물 감자 양파 당근 건청양고추 건당면 대파 마늘 양념 간장 황설탕 올리고당 노두유 후추
680	수박즙돼지목심구이	돼지고기 목심 올리브유 후추 소스 수박 간장 설탕 물엿 마늘 후추
681	별미병어조림	병어 물 무 양파 풋고추 홍고추 대파 양념장 된장 고추장 굵은 고춧가루 고운 고춧가루 맛술 매실액 마늘 생강즙 참기름 후추
682	비름나물겉절이	비름나물 소금물물 양념장 까나리액젓 국간장 물 고춧가루 매실액 통깨 파 마늘
683	깻잎단호박튀김	깻잎 단호박 호두 꿀 찹쌀가루 물 콩기름
684	냉머위들깨나물	머위대 들기름 쪽파 물 양념 거피들깨가루 국간장 파 마늘
685	수박껍질풋고추볶음	수박 속껍질 풋고추 홍고추 포도씨유 절일 때 간 맞출 때
686	우무오미자냉화채	오미자 물 올리고당 우무묵
688	포도호두스무디	얼린포도 오미자액 호상요구르트 깐호두
689	전복영양밥과 부추양념장	전복영양밥 쌀 전복살 양송이 버섯 표고버섯 당근 건다시마 물 부추양념장 다시마국물 부추 간장 실파 마늘 참기름 통깨
690	근대쌈밥과 멸치견과류쌈장	근대쌈밥 쌀 현미 보리쌀 근대 물 국멸치 건다시마 멸치견과류쌈장 다시마국물 양파 된장 파 고추장 잔멸치 호두 잣 땅콩 마늘 매실액
691	호박잎다슬기된장국	호박잎 다슬기 된장 달걀 국멸치 건다시마 부추 대파 마늘
692	양배추두부찜과 양파케첩소스	양배추 당근 양파 표고버섯 두부 돼지고기 파 참기름 설탕 밀가루 양파 케첩 간장 매실액
693	수박비빔국수와 수박고추장소스	다슬기살 호박잎 부추 달걀 물 된장 국멸치 건다시마 파 마늘
694	미숫가루 부추전	부침가루 미숫가루 오징어 부추 감자 당근 양파 현미유 물
695	애호박장떡말이밥	밥 애호박 양파 풋고추 고추장 우리밀가루 물 현미유 흑임자 참기름
696	봄나물주먹밥	쌀 취나물 고사리 빨강파프리카 노랑파프리카 참기름 마늘 통깨
698	달래두부김치무침	두부 달래 배추김치 홍피망 파 마늘 설탕 참기름 통깨 고춧가루
699	딸기소스닭가슴살채소무침	닭가슴살 방울토마토 양상추 브로콜리 적채 파프리카 파프리카 호상요구르트 딸기 호두
700	쑥호두달걀말이	달걀 쑥 당근 호두 현미유
701	시래기리조또	무청시래기 불린 것 밥 된장 마늘 생강즙 포도씨유 생크림 버터
703	생과일과가자미까나페	식빵 딸기 참다래 가자미살 크래커 마요네즈 양파
704	꽃게살국	꽃게 꽃게살 양배추 토마토 된장 파 건다시마 마늘 물
705	우엉들깨무침	우엉 파 물 양념 들깻가루 들기름 간장
706	새우두부만두	칵테일 새우 두부 부추 표고버섯 후추 만두피 간장 식초 물 고춧가루
708	마감자전	마감자전 감자 마 찹쌀가루 양파 현미유 간장양념장 간장 파 식초 통깨
709	배추토란국	토란 쇠고기 양지 배추 대파 마늘 고춧가루 된장 물 참기름
711	갈치고추장구이	갈치구이 갈치 현미유 고추장양념 고추장 양파 파 마늘 간장 매실액 고춧가루 생강 통깨
712	단호박푸딩	단호박 우유 달걀노른자 꿀
713	고등어된장구이	고등어 콩기름 양파 껍질 양파 일식된장 미소 마요네즈 식초 맛술 생강즙 다시마 국물
715	낙지브로콜리볶음	낙지 브로콜리 방울토마토 밀가루 양파 마늘 올리브유
717	주꾸미돌나물무침	주꾸미 돌나물 오이 노랑파프리카 빨강파프리카 양파 고추장 식초 매실액 파 마늘 통깨 고춧가루
718	사과소스폭찹	돼지고기 등심 후추 올리 브유 사과 양파 토마토 물 버터 올리브유 레몬즙
719	건도토리묵버섯들깨국	건도토리묵 불린것 표고버섯 느타리버섯 들깨가루 국멸치 건다시마 파 마늘 국간장 물
720	무대하무침	무 새우대하 파 마늘 고춧가루 간장 설탕 참기름 통깨
721	간편조기찜	조기 고사리 양파 홍고추 청고추 마늘 생강 국간장 참기름 통깨 물
722	표고버섯쇠고기찜	표고버섯 쇠고기 등심 양파 대파 마늘 간장 설탕 참기름 말린 청양고추
723	참나물돼지고기샐러드	돼지고기사태 참나물 양파 파 통마늘 생강 양파 간장 식초 설탕 마늘 고춧가루 올리브유 통깨
724	연근배추홍시샐러드	연근배추샐러드 연근 배추 사과 배 땅콩 호두 현미유 물 홍시드레싱 홍시 호상요구르트 배 식초
725	잣소스새송이볶음	새송이 버섯 빨간 파프리카 노란 파프리카 찹쌀가루 물 올리브유 잣 꿀 우유
727	더덕얼갈이겉절이	얼갈이 배추 더덕 까나리액젓 고춧가루 깨소금 파 마늘 생강 국간장 물
728	과일겨자채	사과 배 밤 대추 곶감 호두 땅콩 양상추 연겨자 연유 사과식초 꿀 배즙
729	콜라비물김치	콜라비 당근 오이 청고추 홍고추 실파 물 찹쌀가루 배 적양파
730	고구마라떼	고구마 우유 플레인 요거트 호두 올리고당 계피가루
731	홍시곶감화채	얼린 홍시 곶감 호두 꿀 물
732	오징어채소말이와 치킨양념소스	오징어채소말이 오징어 몸통 오이 빨강파프리카 노랑파프리카 치킨양념소스 토마토케첩 양파 물엿 고추장 마늘
733	옥수수감자샐러드	감자 달걀 옥수수 완두콩 빨강파프리카 마요네즈 호상요구르트
737	홍합 쌀옹심이국	쌀가루 감자 홍합살 애호박 달걀노른자 양파 파 국멸치 홍고추 청고추 마늘 다시마 국간장 현미유 물
738	찬밥김치달걀찜	달걀 밥 쌀 김장김치 당근 양파 파 새우젓국물 물
739	꼬막떡꼬치구이	꼬막 꼬막살 떡볶이떡 고추장 양파 파 조청 현미유 마늘 간장 고춧가루 참기름 통깨
740	물파래콩전	물파래 노란콩 불린것 우리밀가루 현미유 홍고추 물 간장 파 식초 통깨
743	매생이조랭이떡국	조랭이떡 매생이 굴 파 마늘 국멸치 국간장 물
744	문어핫바	문어 톳 감자 당근 양파 우리밀가루 마늘 토마토케첩 허니머스터드소스 현미유
745	매실장아찌와 과매기구이	과메기 매실장아찌 양파 생강 마늘 고추장 양파 마늘 파 간장 매실액 고춧가루 물 통깨
747	자색고구마호떡	찹쌀 자색고구마 현미유 물 황설탕 검정깨 땅콩 호두 찹쌀가루 계피가루
748	김치밥그라탕	밥 배추김치줄기부분 양파 생 표고버섯 방울토마토 올리브유 간장 피자치즈짜렐라 실파
749	누룽지굴죽	굴 누룽지 다시마국물건다시마 물 부추 간장 참기름 파래김
750	콩비지완자탕	완자 콩비지 돼지고기기름기 없는 부위 깍두기 새우젓 계란 감자전분 후추 파 마늘 국물 멸치다시마국물물 건멸치 건다시마 청경채 어슷 썬 대파 마늘 국간장
751	돼지갈비구이와 백김치와인조림	돼지등갈비 갈비살 물 된장 대파 생강 올리브유 후추 김치조림 백김치 적포도주 맛술 꿀
752	오징어오곡밥순대	오징어 오곡밥 데친 취나물 간장 마늘 후추 참기름 소스 데쳐서 취나물 청양고추 간장 참기름 설탕 마늘 된장
753	코다리 양념구이	코다리 누룽지가루 콩기름 홍고추 실파 양념장 간장 설탕 맛술 고운 고루 간 양파 마늘
754	대구버섯구이	대구살 흰후추 찹쌀가루 새송이버섯 마늘 올리브유 베이비채소 소스 마요네즈 와사비 갠 것 레몬즙 후추
755	잔멸치땅콩볶음	땅콩 잔멸치 맛술 올리브유 건홍고추 참기름 콩기름 마늘 굴소스 두반장 물엿 통깨
756	시금치비트무침	시금치포항초 적양파 비트 드레싱 발사믹식초 올리고당 올리브유
757	해초탕수	불린 미역혹은 물미역 파래생것 김 양파 유자청 물 파 마늘 감자전분 계란 콩기름
759	호두떡볶이	호두 올리브유 떡볶이 떡 올리고당 간장 검정깨볶은 것
760	준순콩나물밥	쌀 콩나물 삶은 죽순 녹차 우린 물 양념장 간장 고춧가루 설탕 깨소금 청양고추 홍고추 맛술 참기름
761	멍게비빔밥	비빔밥 쌀밥 멍게살 부추 무순 김 참기름 통깨 양념장 고추장 설탕 레몬즙 간 양파 매실액
762	키조개샤브샤브	키조개관자 당근 참나물 애호박 표고버섯 느타리버섯 팽이버섯 다시마 국물 물 다시마 대파 소스 간장 사과식초 올리고당
763	가자미쑥국	가자미 시조개 쑥 물 된장 대파 들깨가루
764	달래바싹불고기	쇠고기등심 달래 올리브유 양념장 간장 설탕 양파 마늘 후추
765	오리고기곰피쌈	오리고기 곰피 무순 올리브유 소스 오미자 액기스 고추장 설탕 식초 물
766	바지락수제비볶음	밀가루 물 바지락 바지락살 양파 마늘 청양고추 실파 콩기름 맛술 참기름 양념장 물 굴소스 간장 매실액 피쉬소스
767	민들레무침	민들레 양파 양념 고춧가루 깨소금 파 마늘 매실액
768	취나물들깨무침	참취 간장 파 마늘 들기름 거피들깨가루
769	토마토소박이	토마토 영양부추 적양파 양념 까나리액젓 고춧가루 통깨 설탕
770	풋마늘오징어김치	풋마늘 물 건오징어 양념 밀가루 물 고춧가루 새우젓 멸치액젓 설탕 통깨 생강즙
771	절편꽃말이떡	절편 거피녹두 물 호두 진달래꽃 설탕
772	딸기연두부쉐이크	딸기 연두부 바나나 올리고당
774	봄주먹밥	봄동 깻잎 낙지다리 참기름 두릎 올리브유 미나리 주먹밥 데친꼬막살 올리브유 밥 참깨 두부강된장 참기름 물 된장 고춧가루 붉은고추
775	구운 주먹밥	현미 톳 생김 달걀 밥 밑간 참기름 참깨 톳 무침양념 설탕 식초
776	깻잎장아찌롤	쌀 깻잎장아찌 김 새싹 밥 밑간 참기름 참깨 허브타르타르드레싱 양파 피클 삶은달걀 마요네즈 머스터드소스 설탕 물 머스터드조스
777	롤 삼계탕	마 대추 은행 단호박 아스파라거스 영콘 마늘 쌀 컴 육수 닭 파  마늘
779	효종갱曉鍾羹	배추 무 느타리버섯 육수 쇠고기양지 갈비 양파 마늘 물 양념 저염간장
781	갯벌의 여왕 시조개의 달콤한 유혹	바지락시조개 양파 마늘 마른 홍고추 올리브유  호이트와인  양고추 저염치즈  후추 바질
782	고구마 타락죽	고구마 양송이버섯 양파 느타리버섯 현미불린것 저지방우유 식용유 물
784	두부 채소 볶음밥	밥 두부 표고버섯마른것 당근 감자 청피망 홍피망 오이 애호박 소스 간장 청고추 홍고추 통깨 참기름 다시마물
785	라비올리 크림소스	양파 마늘 새우살 게살 식용유 크림 파마산치즈 버터 라비올리 반죽 중력분 강력분 달걀 물 시금치 비트
786	라비올리 토마토소스	중력분 강력분 달걀 물 양파 당근 토마토 토마토소스셀러리 바질 오레가노 로즈마리 물필요량설탕 마늘 리코타치즈우유 레몬즙 차이브 파마산치즈
787	미역 조랭이 떡국	미역마른것 우엉 조랭이 떡 들깨 들기름 마늘 물 국간장
788	버섯 리조또	쌀 양송이버섯 마늘 닭육수 파슬리 타임 올리브오일 파마산치즈 버터 소금 후추
789	서리태 잣국수	잣 서리태 오이 밀가루 체리토마토 흑임자 물
791	쌈밥	밥 쇠고기 참기름 근대 쌈다시마 양배추 케일 앤다이브 깻잎 미나리 오징어 소스 저나트륨 양념간장간장 물 홍고추 청고주 저나트륨 초고추장고추장 식초 설탕 사이다
792	영양밥	쌀 현미찹쌀 표고버섯 당근 대추 은행 밤 다시마 육수 소스저나트륨 간장양념장간장 사과쥬스 겨자 참기름 깨소금 청고추 홍고추
793	팥죽	팥 찹쌀가루 찹쌀 물 설탕기호에따라
794	호박만두	애호박 표고버섯 청고추 시금치 참기름 통깨 식용유 밀가루 물 소스 초간장간장 식초 물
795	감자 팬케익	감자 양파 체리 사과 청포도 식초 물 달걀흰자 밀가루 베이킹 파우더 마늘가루 식용유 소스과일조림설탕 포도주스 레몬주수 계피가루
796	단호박 두부 포타주	단호박 두부작은것 두유 다시마국물
798	쇠고기와 검은콩 요리	쇠고기갈은것 서리태 셀러리 양파 청피망 토마토 베이컨 현미 닭육수 물 마늘 월계수잎마른것 타임마른것 카엔페퍼
799	채소 커리를 곁들인 팬케익	
800	양송이버섯 달걀 크레페	양송이버섯 달걀 에벤탈치즈 메밀가루 달걀 밀가루 우유 설탕 양파 파슬리 감자 로즈마리 마늘 식용유
801	채소 팬케익	당근갈은것 돼지호박갈은것 셀러리 양파 중력분 저나트륨 베이킹 파우더 머스터드 파우더 식용유 달걀 저지방우유 메이플시럽
802	누룽지과자	밥 달걀흰자 밀가루 식용유 땅콩 건포도 호두 딸기잼
803	단호박 경단	단호박 찹쌀가루 카스텔라 건포도 호박씨 잣 물
804	듬탕수	표고버섯마른것 연근 주황파프리카 노랑파프리카 브로컬리 식용유 소스 탕수소스감자녹말가루 레드와인 간장 식초 설탕
805	새싹 비빔밥	밥 각종 새싹 무순 샐러리 쑥갓 래디쉬 소스 저나트륨 볶음고추장고추장 물 사과 설탕 참기름 쇠고기 고기양념파 마늘 깨소금 참기름
807	가지볶음	가지 생강 고추장 물엿 통깨 들기름
808	감자냉채	감자 래디쉬 오이 소스 단촛물물 식초 설탕 파인애플주스 겨자초장겨자가루 물미지근한것 설탕 식초 파인애플주스
809	고추잡채	돼지고기 청피망 죽순통조림 홍고추 표고버섯 참기름 식용유 소스 고기 밑간 양념 정종 달걀 녹말가루
810	나박김치	배추잎 무 당근 실파 수삼 마늘 생강 고춧가루 미나리 홍고추 물
811	냉잡채	당면 표고버섯 양배추 오이 당근 깻잎 상추 청피망 홍피망 팽이버섯 노랑파프리카 간장 들기름 소스 잡채양념배 간장 겨자 식초 설탕 올리브오일
812	단호박 두부찜	단호박 두부 마늘 풋고추 소스 저나트륨조림소스간장 청주 다시물 맛술 설탕 식용유
813	단호박전	단호박 밀가루 식용유 물
814	도라지 검은깨 튀김	도라지 검은깨 찹쌀가루 튀김가루 식용유 소스 저나트륨 간장소스간장 식초 설탕 물 고추냉이
815	발사믹으로 양념한 채소요리	브로컬리 컬리플라워 돼지호박 당근 양파 가지 소스 저나트륨 발사믹소스올리브오일 포도식초 오레가노마른것 타임마른것 로즈마리마 저나트륨소금
816	버섯 굴소스 볶음	표고버섯 양송이버섯 느타리버섯 팽이버섯 새송이버섯 식용유 소스굴소스굴소스 간장 마늘 물 참기름 부추 또는 실파
817	비트와 호두 요리	비트 사워크림 식용유 파슬리 소스비트양념식초 설탕 후추 식용유 호두캐러멜호두 황설탕 물 게피 넛맥
818	상추 겉절이	상추 간장 물 매실농축액 고춧가루 통깨 식초 영양부추 양파 홍고추
819	수삼 냉채	수삼 배 오이 샐러리 소스 저나트륨내채소스대추 유자청 식초 꿀
820	아시아식 채소 두부 볶음	해선장 간장 녹말 참기름 식용유 마늘 두부 그린빈 청경채 영콘 밤 땅콩 물
821	양배추 깻잎 피클	양배추 깻잎 설탕 청고추 홍고추 소스피클소스물 식초 통후추
822	얼갈이 무침	얼갈이 배추 홍고추 소스저나트륨 무침양념두부 된장 마늘 깨 참기름 사과 홍고추 물
824	오이초절임	오이 통마늘 생강 말린 홍고추 오이초절임소스 양조식초 설탕 두반장 고추기름 물 양념
825	잡채	당면 등심얇게썬것 당근 표고버섯마른것 느타리버섯 양파 호부추 도라지 달걀 간장 설탕 마늘 대파 깨소금 참기름 식용유 소스 저나트륨간장소스간장 물 설탕 식초
826	참기름 드레싱의 즉석 샐러드	상추 오이 당근 비타민 방울토마토 쑥갓 견과류 아몬드호두 소스 참기름드래싱간장 마늘 레몬즙 식초 참기름 고운고춧가루 통깨 설탕
827	고추 장떡	청고추 깻잎 애호박 홍고추 밀가루 고추자 식용유
828	호박 프리타타	달걀 돼지호박 실파 마늘 짜렐라치즈 파마산치즈 캔 토마토 타임 바질 로즈마리 오레가노 식용유
829	고구마 빠스	고구마 설탕 물 검은깨 식용유
830	검은콩 스프	콩 닭육수 토마토 큐민파우더 파슬리말린것 카엔패퍼 사워크림 두유 식용유 양파 샐러리 마늘
831	곤약 콩조림	곤약 콩 간장 설탕 마늘 마늘쫑 파프리카
832	도토리묵 콩국	곤약 서리태 마늘 마늘쫑 파프리카 소스 저나트륨 조림소스간장 설탕 물 청주
834	두부 달걀전	두부 카레가루 밀가루 식용유 청고추 홍고추 소스저나트륨초간장소스간장 식초 설탕 통깨
835	두부선과 저나트륨 겨자 간장소스	두부 표고버섯마른것 쇠고기 애호박 소스 쇠고기양념설탕 참기름 저나트륨겨자간장소스 간장 물 식초 설탕 연겨자
836	두부 튀김 조림	두부 녹말가루 식용유 청피망 홍피망 노랑파프리카 간장 물엿 고추장 참기름 통깨
839	청국장 시래기전	대두 시레기 청고추 홍고추 새우살 밀가루 도토리가루 달걀 식용유
840	카레소스를 얹은 두부 스테이크	두부 애호박 양송이 가지 파프리카 사과 감자 카레가루 식용유 녹말가루 물
843	녹차 파나코타	녹차가루 판젤라틴 설탕 물 생크림 우유 바닐라에센스 통조림단팥용민트용
849	닭고기 바비큐	닭가슴살 홍피망 양파 노랑파프리카 양송이버섯 소스 소스양파 마늘 케첩 홍토마토 설탕 물 이탈리안시즈닝타임 로즈마리 바질 오레가노
851	닭고기 편육	닭고기가슴살 소스 밑간양념요구르트 식용유 조림장간장 설탕 꿀 홍고추마른것 정종 참기름 대파
852	돼지고기 찹쌀부침	돼지고기 등심 젖은 찹쌀가루 소스 밑간양념간장 물엿 무순 레디쉬 깻잎 대파 저나트륨된장소스된장 파인애플 물 홍고추 통마늘
853	등심 배구이	쇠고기등심 배 오이 잣가루 식용유 소스 고기재움장포도주 저나트륨초간장소스간장 사과주스 식초 설탕 와사미
855	버섯소스를 곁들인 돼지 등심 스테이크	돼지등심 양송이버섯 표고버섯 애느타리버섯 파슬리 버터 밀가루 식용유 화이트와인 물
857	쇠고기 감자찜	감자 쇠고기 육수 녹말가루 소스 쇠고기양념파 마늘 청고추 홍고추 간장 설탕 깨소금 참기름 미나리잎
859	양송이버섯과 포도주스를 가미한 등심구이	쇠고기등심 양송이버섯 포도주스 토마토 물 바질 설탕 오레가노 마늘가루 파슬리 월계수잎 로즈마리 통후추 타임
861	케이준 스타일 닭고기 요리	닭가슴살 식용유 파프리카가루 키엔페퍼 양파가루 마늘가루 후추 흰후춧가루 오레가노마른것 타임 마른것 바질마른것 로즈마리마른것 선택황설탕
863	헝가리안 폭찹	돼지등심 물 사워크림 실파 소스양념파프리카가루 머스터드 씨드 코리앤더 씨드 양파즙 마늘가루
865	구운 닭고기 샐러드와 저나트륨 과일 드레싱	닭가슴살 양상추 방울토마토 브로컬리 소스 저나트륨과일드레싱파인애플통조림 키위 사과 양파 올리브오일 레몬즙 설탕
867	돼지고기 수육 부추부침	돼지고기 삼겹살 대파 마늘 생강 통후추 영양부추 양파 무 식초 설탕 소스 매운소스고추기름 간장 발사믹식초 설탕 저나트륨 두부 된장소스두부 된장 청홍고추 물
868	쇠고기 채소볶음	쇠고기 생표고버섯 양송이버섯 애느타리버섯 흰목이버섯 목이버섯 샐러리 홍피망 정종 간장 육수 참기름 식용유 소스쇠고기밑간양념전분 달걀
869	낙지볶음면	낙지 쭈꾸미 생면 배추 양파 느타리버섯 표고버섯 소스 볶음소스청피망 홍피망 청양고추 대파 굴소스 고춧가루 매운고춧가루
871	지중해 소스를 곁들인 도미스테이크	도미 밀가루 식용유 화이트와인 물 파슬리 소스 지중해소스토마토 올리브 케이퍼 양파 마늘 토마토 바질
872	해산물 샤브샤브	새우 시조개 굴 패주 오징어 당귀잎 배추잎 샐러리잎 백만송이버섯 쑥갓 팽이버섯 곤약 단호박 소스 통깨소스다시물 볶은통깨 피넷버터 맛술 식초 타비스코 소스 진간장
873	고등어구이	고등어 밀가루 소스저나트륨발사믹소스간장 올리브오일 발사믹식초 꿀
874	골뱅이무침	골뱅이 양파 대파 오이 미나리 깻잎 소스저나트륨초고추장소스고루 생강즙 사과주스 설탕 고추장 식초 깨소금 참기름 마늘 청고추 홍고추
875	굴 두부 국	굴 두부 마늘 실파 김 새우젓 참기름 다시마 육수 홍고추
876	금태찜	금태 흰후춧가루 청주 생강즙 녹말가루 콩나물 미나리 느타리버섯 홍고추 당근 대파 무 소스 찜소스다시마국물 간장 맛술 식초
877	김자반	김 마늘 생강 통깨 소스양념간장물 간장 설탕 물엿 식초 홍고추
878	꽁치 양념구이	꽁치 밀가루 녹말가루 식용유 소스저나트륨고추장소스토마토케첩 고추장 마늘 생강즙 청고추 홍고추 물엿 간장 물 맛술
879	꽃게강정	꽃게 청고추 홍고추 토마토케첩 마늘 생강 생강즙 찹쌀가루 식용유 소스 매운고추소스매운 고춧가루 맛술 간장 물엿
880	낙지강회	낙지 실파 미역마른것 쌈다시마 당근 소스 고추장 식초 설탕 사과주스 고춧가루
881	낙지 잣소스 냉채	낙지 오이 밤 미나리 배 홍피망 소스 잣소스잣 배즙 흰후춧가루 레몬즙
882	두부 해산물 꼬치구이	두부 소라살 패주 소스마늘올리브유소스마늘 올리브유 바질 방울토마토
883	마 두부 오징어전	두부 마 표고버섯마른것 오징어 녹말 식용유 홍고추 소스 양념장간장 조미술 설탕 식초
884	멸치 찹쌀양념 튀김	멸치중간것 찹쌀가루 식용유 땅콩 소스고추장소스고추장 간장 양파즙 마늘즙 생강즙 맛술 설탕 물엿 식용유 참기름 흑임자 실파
885	미역 물오징어 연두부 초회	연두부큰것 불린미역 물오징어 꽈리고추 소스 저나트륨양념장고추장 간장 물엿 레몬즙 식초 마늘 생강즙 파 참기름 통깨
886	부추조개살 콩비지조림	콩비지 조갯살 부추 당근 소스조림장간장 청주 조미술 설탕 생강즙 마늘
888	연어냉채	훈재연어 흰후춧가루 녹말가루 오이 래디쉬 샐러리 배 소스 저나트륨파인애플소스파인애플 파인애플 통조림 국물 올리브오일 레몬즙 사과 설탕
889	오징어말이 케첩조림	오징어 당근 시금치 달걀 표고버섯마른것 식용유 밀가루 소스 토마토케첩소스마늘 양파 토마토케첩 물
890	오징어보쌈과 저나트륨 된장소스	갑오징어 당근 오이 상추 소스 저나트륨된장소스된장 양파 물 식초 설탕 청고추 홍고추
891	칠리새우	백새우 케첩 대파 녹말가루 밀가루 달걀 완두콩 식용유 참기름 소스 저나트륨칠리소스두반장 고추기름 설탕 마늘 생강 청주 식초
895	아보카도 두부 샐러드	연두부 아보카도작은것 게살냉동 양파 민트 소스 고추냉이 드레싱고추냉이 갠것 간장 레몬즙 올리브유엑스트라버전
897	과일 젤리	젤라틴 자몽주수 귤통조림 파인애플통조림 체리 설탕
900	복숭아샤벳	복숭아 식혜 설탕시럽 민트
903	과일 주스 조림	천도복숭아 자두 체리 산딸기 블루베리 사과 포도 포도주스 설탕
907	감자를 곁들인 야채스튜	양파 청피망 가지 애호박 양송이버섯 마늘 토마토콩카세 감자 올리브오일 닭육수 토마토페이스트 생크림 우유 소금 후추
909	김치 고구마밥	고구마 쌀 물 김치 사과작은것 참기름 마늘 소스간장 국간장 고춧가루 통깨 실파송송썬것 참기름
912	대구 크림스튜	양파 청피망 마늘 청고추 대구살 토마토콩카세 땅콩버터 생크림 파프리카가루 새우 올리브오일 소금 후추
913	대추죽	좁쌀 대추 깐밤 찹쌀가루 물 소금
914	돼지고기 토마토 두부볶음	돼지고기목살 두부 토마토 생강 파 땅콩기름 간장 닭육수 물전분 소금
915	멜론스프	멜론 오렌지 레몬 탄산수 레몬껍질 전분 설탕 선택 멜론자두생크림민트
916	미니버거	양파 브로컬리 당근 바질 달걀 쇠고기 돼지고기갈은것 빵가루 마요네즈 토마토케첩 미니버거빵 양상추 토마토 후추
917	바질 고구마 옥수수빵플렌타	시금치 바질 고구마 옥수수가루플렌타가루 파마산치즈 짜렐라 치즈
918	밥스틱	당근 양파 홍피망 청피망 햄 밥 카레가루 춘권피 치즈 튀김기름 소금
919	버섯 리조또	쌀 양송이버섯 마늘 닭육수 파슬리 타임 올리브오일 파마산치즈 버터 소금 후추
920	버섯 참치 무른밥	불린 쌀 물 참치살 표고버섯 무 양파 참기름 통깨 소금
922	송이 미역국	불린 쌀 양송이버섯 당근 양파 마른미역 참기름 물
923	시금치 배 미음	불린쌀 물 배 시금치 꿀
925	어린이 스시	밥 달걀 삶은것 슬라이스햄 슬라이스치즈 양파 샐러리 캔참치 칵테일새우 날치 마요네즈 초대리 식초 설탕 소금
926	에멘탈 치즈 퐁듀	에멘탈 치즈 마늘 넉맥 닭육수 물전분 바케트빵 방울토마토 키위 소금 후추
927	완두콩 스프	양파 샐러리 베이컨 완두콩 육수 생크림 후추
928	유부 만두찜	유부 미나리 두부 닭가슴살 양파채썬것 당근채썬것 건표고버섯 시금치 소금 깨소금 참기름 초간장 멸치 육수 간장 식초 설탕
929	펜네 파스타 샐러드	펜넬파스타 청피망 홍피망 양파 완두콩 블랙올리브 아스파라거스 토마토콩카세 파마산치즈 소금 바질 페스토 잣 올리브오일 바질 믹서에 갈아줌
930	해산물 옥수수 오븐구이	달걀 새우 바지락 도미살 슬라이스 햄 실파 토마토 애호박 캔 옥수수 슬라이스 치즈 홍고추 바질 올리브오일 마늘 소금
931	향향 볶음밥	감자 오이 목이버섯 닭고기 닭 육수 밥 파 식물성기름 소금
932	흑임자 두부국	불린 쌀 으깬 두부 검은 깨 물 소금
934	과일 요구르트 샐러드	멜론 사과 바나나 오렌지 플레인 요구르트 레몬주스 오렌지주스
935	단호박 스프	버터 마늘 양파 샐러리 생강 닭육수 단호박 고구마 우유 라임주스 생크림 소금 후추
937	새우 완자탕	새우 살 달걀흰자 전분 당면불린것 팽이버섯 부추 홍고추 다시마육수 국간장 마늘 소금
938	생강향의 고구마 크로켓	고구마 생강 생크림 버터 꿀 밀가루 달걀물 빵가루 튀김기름 소금 후추
939	파벳 스프	양파 정사각형 샐러리 정사각형 당근 정사각형 마늘 식용유 닭육수 후추 소금 월계수잎 파벳파스타
940	야채 과일 돌구이	단호박 고구마 오렌지 소금
941	야채볶음	감자 양송이버섯 당근 건목이버섯 산마 참기름 물전분 육수 식용유 소금
942	야채빵	밀가루 베이킹파우더 버터 달걀 설탕 당근 양파 캔옥수수 완두콩 우유 소금
943	영양 달걀찜	죽순 밤 찐 어묵 건표고버섯 은행 새우 잣 달걀 쑥갓 멸치 육수 소금
944	유부 달걀찜	유부 달걀 당근 멸치 육수 간장 설탕 소금
945	찰 어묵찜	찰어묵 새우살 전분 양념 마늘 참기름 깨소금 청주 소금 후추
946	케첩 완자	돼지목살 청경채 케첩 파 생강 전분 소금
947	홍시 생밤 무침	홍시 바나나 생밤 대추 호두
948	고구마 경단	고구마 카스텔라 우유 버터 꿀 건포도
949	두부 깻잎 과자	두부 깻잎 밀가루박력분 베이킹파우더 설탕 달걀 검은깨 소금
950	두부양갱	치자 백련초가루 두부 한천 설탕 물
951	멸치 누룽지과자	밥 잔멸치 통깨 설탕
952	복숭아 화채	오미자 천도복숭아 배 설탕 물 잣 설탕시럼 설탕과 물을 동량으로 하여 중불에서 서서히 녹인다 기호에 맞게 만든다
953	사과 포도주스 조림	사과 포도주스 계피가루 아이스크림
954	홍시 쉐이크	냉동홍시 오미자 물 레몬즙 꿀 민트
956	김치떡	메밀가루 찹쌀가루 밀가루 물 소금 소 김치 오징어 양념 설탕 깨소금 파 마늘 참기름
958	누룽지 피자	잡곡밥흑미 검은콩 피자치즈 양파 청 피망 홍 피망 양송이 햄 캔옥수수 실파 피자소스 마늘 양파 쇠고기 토마토케첩 설탕 간장 소금
959	단호박 새우찜	단호박작은것 잔새우살 두부 건표고버섯 청피망 홍피망 실파 밀가루 마늘 깨소금 참기름 흰후춧가루
960	두부 샌드위치	두부 키위 오렌지 토마토 바나나 사과 꿀 소금 식용유
961	라이스페이퍼 새우롤	새우 홍피망 팽이버섯 숙주 무순 상추 차이브 쌀국수가는것 라이스페이퍼 새콤 달콤 소스 양파 마늘 홍고추 청고추 물전분 물 식초 설탕 고추기름
962	레몬 파슬리 빵가루를 입힌 도미	도미 마늘 빵가루 버터 레몬주스 레몬제스트 파슬리 소금 후추
964	롤피자	밀가루중력분 이스트 따뜻한물 올리브오일 청피망 홍피망 베이컨 양파 양송이 토마토소스 짜렐라 치즈 바질 오레가노 파마산치즈
965	미니 떡갈비	쇠고기살코기 새송이버섯 밀가루 잣가루 떡갈비 양념 간장 배즙 양파즙 꿀 파 마늘 깨소금 참기름
966	배추 달걀볶음	배추 달걀 돼지고기 파 생강 간장 목이버섯 닭육수 물전분 식용유 소금
967	사과와 양파를 곁들인 돼지등심 요리	돼지등심 오레가노마른것 바질마른것 올리브오일 양파 사과 소금 통후추부순것
969	새우 속을 채운 리치와 감자튀김	새우 달걀흰자 실파 물밤 소금 후추 리치캔 감자 전분 튀김기름 소스 올리브오일 양파 고추기름 식초 설탕 소금 후추 전분 레몬껍질
970	생선살 완자 찹쌀 찜	찹쌀 치자 시금치 당근 흰살생선 살생선 양념 달걀흰자 생강즙 소금 흰후춧가루 전분
972	서양식 씨리얼뮤즐리	오트밀 꿀 플레인 요거트 아몬드 사과 건포도 우유 계피가루 바나나 키위
973	수퍼 브리또	양파 할라피뇨 쇠고기갈은것 토마토콩카세 양상추 올리브오일 또띠아인치 아보카도 사워크림 소금 강낭콩 퓨레강낭콩 베이컨 마늘 양파 바질마른것 살사 배 오렌지 레몬주스 파프리카 가루
974	아보카도 달걀 샌드위치	달걀 마요네즈 디존 머스타드 레몬주스 식빵 아보카도 워터크레스 후추
975	록달록 시금치 당근 수제비	시금치 당근 밀가루 물 감자 애호박 실파 멸치육수 마늘 간장
977	인도식만두구이사사	양파 마늘 생강 청고추 새우 버터 레몬주수 생선육수 카레가루 토마토페이스트 달걀물 춘권피 올리브오일
979	중국식 바비큐 폭립	돼지갈비바비큐용 소스 양파작게자른것 마늘 식용유 레드와인식초 황설탕 꿀 데미글라스 토마토케첩 머스타드 우스터소스 케이엔페퍼 소금 후추
980	참깨 오렌지 쇠고기	쇠고기사태 전분 간장 오렌지주스 굴소스 꿀 참깨 식용유 생강 오렌지 파인애플
981	치킨 버거 스테이크	닭가슴살 빵가루 차이브 바질 파슬리 소금 후추양송이 속양파 버터 양송이 빵가루 생크림
982	토마토소스 달걀볶음	달걀 파 토마토소스 설탕 식물성기름 참기름
985	낫토 시래기 라이스전	밥 양파 당근 낫토 시래기불린것 카레가루 파 밀가루 달걀 식용유
986	나스와 샐러드	달걀 완두콩 오이 토마토 레드어니언 로메인 홍고추 블랙올리브 바질 캔참치 드래싱 올리브오일 레드와인식초 디존 머스타드 마늘 설탕
987	다시마전	다시마 영양부추 청고추 홍고추 새우살 밀가루 물 소금멸치액적소스멸치액젓 물 설탕 깨소금 고춧가루 실파
988	듬옥수수	옥수수 잣 청피망 당근 닭고기 식용유 물전분
989	버섯 들깨탕	느타리버섯 생표고버섯 팽이버섯 새송이벗서 우엉 조랭이떡 들깨 물 들기름 소금
990	산마드래싱과 실곤약 샐러드	그린비타민 치커리 배 포도주스 훈제오리가슴살 실곤약 산마드래싱 산마 우유 레몬주스 오렌지주스 호두
991	산호두부	두부 돼지고기 당근 고추기름 완두콩 파 생강 물전분
992	섭산삼	더덕 젖은 찹쌀가루 가루녹차 백년초 가루 설탕 꿀 튀김기름
993	시금치 돼지고기 볶음	돼지고기살코기 물전분 시금치 부추 간장 파 생강 식용유
994	발사믹과 로즈마리로 향을 낸 오븐구이 야채	단호박 당근 비트 고구마 꿀 발사믹식초 로즈마리 소금 후추
995	종이에 싸서 구운 도미파필로테	도미살 후추 샐러리 채친것 당근 채친것 대파채친것 양파채친것 피망채친것 브러컬리 레몬제스트 팽이버섯 버터 유산지 허브버터 버터 파마산치즈 통후추 오레가노 마늘 양파
997	호두 사과 샐러드	사과 샐러리 마요네즈 레몬주스 식초 호두 건포도 소금
998	고구마란	고구마 꿀 계피가루 대추 호박씨
999	과일 파이	오렌지 사과 설탕 물전분 버터 식빵
1000	수삼당근정과	당근 수삼 꿀 물 계피가루
1001	식혜 팥빙수	팥 찹쌀가루 쑥가루 물 식혜
1002	야채칩	연근 고구마 감자 단호박 당근 소금
1003	잡곡강정	검은콩튀밥 쌀튀밥 메닐튀밥 물엿 설탕 물
1004	잣 호두 강정	잣 호두 대추 통깨 시럽 물엿 설탕
1005	현미 크레이프	현미가루 밀가루 우유 참기름 소금 팥소팥 설탕 당근조림 당근 설탕 물
1006	감자 주먹밥	감자 밥 당근 시금치 잔멸치 삶은 달걀 노른자 검은깨 흰깨 밥양념 참기름 소금
1007	고기완두조림	돼지고기살코기 완두콩 물 육수 설탕 소금 전분 식용유
1010	니고랭	달걀물 식용유 홍고추 마늘 닭가슴살 새우 양파 청경채 스파게티면 방울토마토 버터 소야소스 간장 발사믹식초 굴소스 꿀
1012	돼지갈비 볶음	돼지갈비 굵은소금 마늘 생강 대파 토마토 양념장 간장 물 식초 설탕 통깨 참기름
1013	미니 그라탕	사과 참마 레몬주스 건포도 슬라이스아몬드 설탕 소스 참마 두유 물엿 밀가루 올리브오일
1014	밀라노 스타일 포크 커틀렛	돼지등심 밀가루 달걀 빵가루 바질 건타임 버터 식용유 레몬 파마산치즈 후추
1015	바지락 볶음면	바지락살 칵테일새우 청고추 홍고추 대파 마늘 생강 칼국수면 식용유 물전분 간장소스멸치육수 간장 설탕 양파즙 파 마늘 참기름 깨소금
1016	밥 샌드위치	맛살 마요네즈 오이 밥 치즈슬라이스 검은깨
1017	버섯을 넣은 가지 라자냐	돼지고기 느타리벗서 표고버섯 새송이버섯 가지 밀가루 버터 우유 파마산치즈 짜렐라 치즈 토마토소스 바질 오레가노 빵가루
1019	생선찜 채소말이	흰살 생선 죽순 청피망 홍피망 건표고버섯 전분 치즈슬라이스 참기름 흰후춧가루 소스 잣 물 설탕 레몬즙 간장 소금
1020	쇠고기말이 쌈밥	쇠고기살코기 당근 오이피클 양파 깻잎 밥 전분 식용유 밥밑간깨소금 참기름 쇠고기밑간 간장 청주 참기름
1021	스테이크 샐러드	쇠고기등심 로메인 워터크레스 래디쉬 방울토마토 레드어니언 발사믹식초 올리브오일 소금 통후추
1023	씨앗죽	쌀 참깨 통아몬드 땅콩 호박씨 물
1024	오븐에 구운 또띠아 칩과 아보카도 딥	또띠아 양파 할라피뇨 마늘 아보카도 라임주스 토마토
1026	참치 쇠고기 양상추 쌈	쇠고기 밥 상추 캔참치 밑간 후추 달걀흰자 간장 설탕 전분 참치양념 마요네즈 양파 샐러리 소금 설탕
1027	치킨 쇠고기 땅콩소스 꼬치	닭가슴살 쇠고기 등심 간장 카레가루 땅콩버터 참기름 올리브오일 설탕 생강
1028	커리향이 들어간 치킨샐러드 샌드위치	닭가슴살 올리브오일 마요네즈 식빵 아몬드 건포도 카레가루 레몬주스 바질 소금 후추
1030	클럽 샌드위치	식빵 마요네즈 삶은달걀 양상추 닭가슴살 토마토 치즈슬라이스 슬라이스햄 베이컨 소금 후추
1031	토마토 야채 오븐구이	감자 고구마 오릴브오일 홍피망 당근 후추 소금 레드어니언 토마토 돼지호박 파마산치즈 빵가루 바질
1034	가지볶음	가지 생강 고추장 물엿 통깨 들기름
1036	고등어 강정	고등어 전분 땅콩 튀김기름 고등어 밑 양념생강즙 청주 소금 조림장간장 고추장 토마토케첩 설탕 물엿 물
1037	꽃게볶음	꽃게 청주 전분 실파 참기름 건고추 마늘 생강 소금 후춧가루 양념장간장 청주 설탕 물
1038	다시마칩	다시마 꿀 참께 오트밀
1039	브로콜리 쇠고기 볶음	브로콜리 쇠고기안심 물전분 당근 마늘 간장 생강 설탕 식물성기름 소금
1040	새우살을 채운 두부 스프미네스트로네	새우 두부 당근 돼지호박 참기름 생강 양파 마늘 닭육수 굴소스 간장 소금새우 마리네이션달걀흰자 전분
1042	시저 샐러드	상추로메인 마늘 앤쵸비 후추 달걀노른자 레몬주스 올리브오일 파마산 치즈 도미살 밀가루 달걀물 빵가루 크루퉁파슬리 오레가노 식빵 소금 후추
1043	연두부 무순 냉국	연두부 무순 대파 청고추 홍고추 쑥갓 통깨 소금냉국 국물 다시마육수 간장 맛술 식초 설탕
1045	차가운 당근 수프	당근 버터 양파 생강 마늘 야채육수 오렌지주스 생크림 당근주스 소금
1046	태국식 불고기 샐러드	쇠고기 애호박 토마토 가지 양파 새송이버섯 그린 샐러드불고기 드래싱 풋고추 홍고추 마늘 고춧가루 레몬주스 타바스코 카레오일올리브오일 로즈마리 민트 카레가루
1047	팽이버섯 야채볶음	팽이버섯 청경채 참기름 식용유 물전분
1049	건강 마늘 꿀환	마늘 잣 꿀 검은깨 카스텔라가루
1051	과일 샐러드 또띠아	자몽 오렌지 키위 사과 플레인 요구르트 꿀 또띠아
1054	수박 화채	찹쌀가루 물 수박 팥 설탕
1055	우유 생강차	우유 생강 꿀 깨소금 계피가루
1056	레몬 들깨 소스를 품은 떡꼬치	떡꼬치 쌀떡 호두  잣  식용유  꼬치용 꼬치 레몬 들깨 소스 들깨가루  두유  꿀  물  참기름  레몬즙  검은깨 
1057	누룽지 요거트 파르페	누룽지 밥 공기 요거트파르페 오렌지 사과 요거트 블루베리 
1058	자색고구마 호떡	반죽 찹쌀 자색고구마 현미휴 물 황설탕 호떡소 검정깨 땅콩 호두각 찹쌀가루 계피가루
1059	청국장지짐 케일쌈밥	돼지고기 청국장 밥 케일 멸치 무 양파 사과
1060	마늘 불고기 덮밥	소고기불고기용 쌀 새송이버섯 당근 양파 대파 마늘 배 진간장
1061	잡곡강정밥	잡곡 찹쌀 호두 은행 밤 대추고 꿀 간장
1062	함박스테이크 볼 밥	소고기 돼지고기 가래떡 양파 새송이버섯 파프리카 사과 배 고추장 파 마늘 간장 청주 참기름
1063	곤드레 밥버거	쌀 찹쌀 흑미 곤드레나물 파프리카 양상추 감자 양파 깻잎 바나나 김 호두 사과 밀가루 빵가루 마요네즈 된장 식초 간장 참기름 들기름
1064	대추닭살리조또	닭고기가슴살 쌀 양파 표고버섯 대추 당근 피망 치즈 우유 마늘
1065	먹골배 카레주먹밥	쌀 카레가루 묵은지 양파 애호박 가지 참치 마요네즈
1066	신호등 통통이어린이 곤약삼색주먹밥	소고기 곤약미 쌀 시금치 당근 멸치 대파 달걀 간장 참기름 올리고당
1067	양배추롤참치두부쌈장	밥 양배추 참치캔 두부 양파 파 마늘 된장 고추장 매실청 참기름 깨 물
1068	파인애플떡갈비	소고기갈빗살 파인애플 양파 표고버섯 전분 파 마늘 진간장 설탕 참기름
1069	건강가지말이참깨마요소스	가지 단호박 삼색파프리카 당근 사과 배 무순 청양고추 마요네즈 참깨 꿀
1070	순창 고추장 두부강정	소고기불고기용 두부 새송이버섯 당근 양파 마늘 생강가루 고추장 튀김가루 전분 맥주 간장 꿀 케첩 올리고당
1071	곤약 백김치 말이	오징어 곤약 백김치 삼색파프리카 부추 청주 통후추 월계수잎
1072	묵은지비프롤	소고기불고기용 묵은지 팽이버섯 아스파라거스 삼색파프리카 참나물 달걀 전분 올리브오일 매실액 레몬즙
1073	바나나를 감싼 일본식 달걀말이	달걀 바나나 전분
1074	그린커리	닭고기가슴살 그린커리 페이스트 코코넛밀크 당근 가지 양송이버섯 레몬그라스 마늘
1075	현미 고구마 아란치니	고구마 현미밥 새송이버섯 당근 양파 달걀 파슬리 빵가루 밀가루 식용유
1076	유자 치킨 꿔바로우	닭고기가슴살 생강 녹말 찹쌀가루 유자청 전분 꿀 식초 식용유 물
1077	펌킨크로켓	단호박 양파 당근 참나물 달걀 짜렐라치즈 빵가루 식용유
1078	이태리튀밥	쌀 방울토마토 바질 옥수수 달걀 빵가루 파마산치즈가루 생짜렐라치즈 버터 올리브오일
1079	현미 입은 미트볼	소고기 돼지고기 대추 배 현미튀밥 밀가루 양파 마늘 쪽파 생강 간장 참기름 참깨
1080	시금치 볶음 쌀국수	새우 쌀국수 시금치 달걀 메추리 마늘 굴소스 식초 땅콩 전분 청주 고추기름 올리브오일
1081	새우채소꼬치구이	새우 단호박 양배추 방울토마토 대파 후추
1082	영유아를 위한 고소한 닭꼬치	닭고기가슴살 우유 아몬드슬라이스 참깨 흑임자
1083	얌얌 맛있게타	바게트 새송이버섯 표고버섯 방울토마토 바질 생짜렐라치즈 마늘 올리브오일
1084	오 푸룻한 뿌리채소	우엉 연근 오렌지 요거트 크랜베리 땅콩 호두 레디쉬 식초 머스터드 얼음
1085	연근고구마샌드위치	연근 고구마 견과류 튀김가루 백년초가루 달걀 식용유 식초
1086	파프리카깍두기어린이용	무 파프리카 사과 현미 실파 멸치 마늘 멸치액젓 올리고당 천일염
1087	과일 김치	사과 배 복숭아 토마토 치커리 고춧가루 마늘 깨 참기름
1088	오이 짱아지 무침	오이 고춧가루 매실액 양파 파 마늘 참기름
1089	비트 배추피클	비트 배추 무 사과 당근 식초 설탕 월계수잎 통후추 물
1090	오징어와사비마요무침	진미채 유자청 마요네즈 와사비 레몬즙 깨
1091	삼색 버터롤	홍시 호두 곶감 대추 블루베리 크랜베리 강력분 꿀 버터 달걀 이스트 탈지분유 제빵개량제 물
1092	고구마빵과일잼	고구마 제철과일 달걀 우유 크랜베리 아몬드 호두 올리고당 레몬즙 올리브오일
1093	감말랭이 찰빵	감말랭이 쌀가루 보릿가루 밀가루 고구마 냉동딸기 흑임자 식용유
1094	바나나 속 달걀빵	달걀 바나나 밀가루 우유 베이킹파우더 버터 물
1095	두부빼빼로	두부 포도 호두 검은깨 식빵 밀가루 계피가루 꿀 식용유 물
1096	땅콩호박 타르트	땅콩호박 아몬드가루 버터 박력분 요거트 달걀 사과 전분 호두
1097	고구마 바나나 무스	고구마 바나나 달걀 크림치즈 우유 생크림 딸기잼 젤라틴 바닐라빈 올리고당
1098	단호박치즈스틱	단호박 새우살 삼색파프리카 양파 옥수수 짜렐라치즈 춘권피 생크림 식용유
1099	크랜베리 샤브레 쿠키	크랜베리 슈가파우더 박력분 아몬드가루 백년초가루 우유 버터
1100	생과일 타르트	박력분 버터 달걀 아몬드가루 꿀 생크림 블랙초콜릿 키위 블루베리 체리
1101	당 떨어진 마들렌	대추고 대추 당근퓨레 녹차가루 팥앙금 박력분 꿀 버터 달걀 베이킹파우더
1102	삼색 머핀	당근 시금치 사과 호두 크랜베리 박력분 꿀 버터 달걀 베이킹소다 베이킹파우더 물
1103	바나나 스틱	바나나 중력분 옥수수가루 아몬드가루 베이킹파우더 버터 달걀 크랜베리 땅콩 흑임자
1104	달코미 고구마 타르트	딸기 고구마 요거트 만두피 우유 식용유
1105	콩가루 고구마 타르트	콩가루 고구마 박력분 버터 우유 달걀 생크림 꿀
1106	코마레티	아몬드슬라이스 코코넛슬라이스 설탕 달걀
1107	저당 고구마 케이크	밤고구마 요거트 키위 파인애플 카스테라 블루베리
1108	단구마 무스 샌드 케이크	고구마 단호박 생크림 달걀 박력분 우유 설탕 버터 레몬즙 크랜베리
1109	당근그릭요거트 케이크	당근퓨레 박력분 달걀 버터 꿀 설탕 베이킹파우더 바닐라향 그릭요거트 제철과일
1110	완두콩 롤	완두콩 식빵 찹쌀가루 우유 올리고당
1111	단호박두부팬케이크	단호박 두부 밀가루 타가토스 우유 식용유
1112	약밥 닮은 호떡	호떡반죽 밤 고구마 곶감 호두 호박씨 잣 대추 계피가루 식용유 물
1113	두부티라미수	두부 고구마 마스카포네치즈 크랜베리 두유 호두 아몬드 박력분 아몬드가루 버터
1114	두부있슈	연두부 요거트 중력분 버터 달걀 딸기 호두 물
1115	바나나 생강 크림이 들어간 미숫가루 쿠키슈	바나나 생강가루 휘핑크림 코코넛밀크 미숫가루 박력분 버터 코코넛설탕 달걀 물
1116	단호박몽블랑	단호박 아몬드가루 박력분 스테비아 달걀 올리고당 가루녹차 생크림 판젤라틴 마스카르포네치즈 설탕
1117	렌틸콩 크레이프	렌틸콩레드 중력분 달걀 우유 생크림 설탕 버터 크림치즈 귤 키위 블루베리
1118	콩 판나코타	렌틸콩레드 완두콩 생크림 설탕 판젤라틴
1119	고구마치즈크로켓	호박고구마 새우살 삼색파프리카 양파 짜렐라치즈 밀가루 달걀 빵가루 생크림 버터 꿀 식용유
1120	빵 대신 어묵 사라다	어묵 양파 당근 양배추 푸룬 아몬드 요거트 마요네즈 달걀 빵가루 밀가루 식용유 물
1121	자색고구마찹쌀푸딩	자색고구마 우유 찹쌀가루
1122	꽃설기	멥쌀가루 대추 백년초가루 단호박가루 시금치가루 설탕 백앙금 우유 호박씨
1123	크랜베리 소보로 떡	쌀가루 찹쌀가루 크랜베리 건포도 견과류
1124	오미자 샹그리아	오미자 사과 오렌지 딸기 포도 배
1125	톡톡 오미자 펀치	말린오미자 배 꿀 잣 생수 각얼음
1126	사과비트에이드	사과 비트 레몬즙 탄산수
1127	밤 라떼	밤 우유 두유 아몬드
1128	자두 라떼	자두 우유 꿀 물
1129	와인배숙	배 사과 레드와인 계피 통후추
1130	유자애愛 빠지다	유자 밤 대추 배 석류 꿀 물
1131	쌀콩죽 요거트	우유 배 고구마 요거트 쌀가루 메주콩
1132	상큼하자두	자두 오렌지 탄산수 민트잎 얼음
1133	비트두유	비트 무첨가두유 타가토스
1134	렌틸콩 두유	렌틸콩레드 우유 레몬 딸기 꿀 판젤라틴 설탕
1135	군고구마 라떼	고구마 우유 고구마칩
1136	배라임 히또	배 라임 탄산수 애플민트 스테비아
1137	포도청 보리 수단	포도 보리 전분 녹차티백 설탕
1138	감자주스	감자 우유 설탕
2952	바지락 미역국	바지락 미역 저염간장 마늘 참기름 홍고추 무 건새우 대파 함초가루
2953	제주도 빙떡 귤간장소스	메밀가루 무 후추 다시마 마늘 파 저염간장 통깨 귤 즙 참기름
2954	단호박견과류샐러드	단호박 고구마 아몬드 호두 건블루베리 당근 우유 양념 올리고당
2955	함박스테이크토마토카레소스	소고기다짐육 양송이버섯 양파 빵가루 마늘 카레가루 토마토 당근 감자 계란노른자
2956	둠채소 수제피클	오이 파프리카 적양배추 피클물 설탕 식초 피클링스파이스 물
2957	바지락 맑은국	바지락 팽이버섯 홍고추 쑥갓 청양고추 무 대파 다시마
2958	일본식 계란말이	계란 가츠오부시 다시마 설탕 미림
2959	소고기 가라아게 칠리소스	소고기 대파 토마토 마늘 계란노른자 밀가루 고춧가루 식초 설탕 전분
2960	만가닥버섯볶음	만가닥버섯 게살크래미 적파프리카 황파프리카 청피망 후추 간장
2961	유부초절임	사과 유부 양배추 당근 설탕 식초 오이 다시마
2962	홍합 배춧국	홍합 배추 무 마늘 파 홍고추
2963	닭가슴살 두부선	닭고기가슴살 두부 비트 시금치 베이비채소 마늘 참기름 흑임자 플레인요거트 식초 설탕
2964	단호박 마전	단호박 마 밀가루 찹쌀가루 건대추
2965	브로콜리견과류복음	브로콜리 아몬드슬라이스 캐슈넛 양념 무염버터
2966	무말랭이김치	무말랭이 식초 설탕 레몬 당근 오이 피클링스파이스 물
2967	소고기 무국	소고기 무 파 느타리버섯 숙주 저염간장 물
2968	삼색나물 토마토양념장	토마토 마늘 양파 꿀 식초 도라지 시금치 고사리 고추장 참기름
2969	삼치튀김 타르타르소스	삼치 튀김가루 계란 마요네즈 홍고추 청양고추 후추 양파 레몬즙 식용유 물
2970	두부해물완자	두부 오징어 칵테일 새우 감자전분 부침가루 계란 꿀 새우가루 마늘 파 양파 저염간장
2971	홍시에이드	홍시 배 탄산수 사이다
2972	코다리 뿌리채소 들깨탕	코다리 무 연근 호박 우엉 느타리버섯 표고버섯 대파 양파 청양고추 쑥갓 홍고추 다시멸치 다시마 들깨가루 마늘 생강 후루 천일염
2973	토마토 채소 계란찜	방울토마토 양파 브로콜리 그린빈스 계란 파마산치즈 생크림 마늘 후추
2974	양파홍초절임	양파 홍초 간장 설탕 홍고추 청양고추
2975	톳나물 두부무침	톳나물 두부 천일염 참깨 참기름 마늘
2976	콜라비 깍두기	콜라비 쪽파 홍고추 생강 양파 마늘 양념장 고춧가루 액젓 매실청 양념 천일염
2977	얼큰 콩나물 수제비	콩나물 황태머리 고추장 밀가루 고춧가루
2978	곤약 감자조림	곤약 감자 풋고추 홍고추 다시마 간장 설탕 미림 참기름 식초 물
2979	과일 먹은 닭탕수	닭고기다리살 포도 미니사과 파인애플 전분 설탕 레몬 청주 후추 물
2981	비타 오이 물김치	오이 무 홍고추 파프리카 당근 미나리 식초 배 고춧가루 설탕
2984	연근샐러드 흑임자소스	흑임자 연근 레몬 마요네즈 플레인요거트 식초
2986	돈불고기 파인애플볶음	돼지고기불고기용 파인애플 양배추 양파 당근 대파 설탕 부추 마늘 참기름 간장
2987	두부구이 버섯소스	두부 느타리버섯 발사믹크림 올리브유 올리고당 쪽파 간장
2989	유부 우엉 잡채	우엉 유부 양파 당근 올리브유 올리고당 간장 설탕 참깨 참기름
2990	고구마 김치	고구마 미나리 홍고추 고춧가루 올리고당 마늘 젓갈 참깨
2991	닭곰탕	닭 정육 대파 무 양파 홍고추 마늘 청양고추 육수 닭뼈 다시마 대파 마늘 물 양념 후추
2992	퓨전떡갈비	소고기 돼지고기 양파 배 마늘 생강 저염간장 찹쌀가루 참기름 참깨
2993	무염 겉절이	배추 적양파 대파 풋고추 마늘 무청 고춧가루 매실액 식초 사과
2994	비름나물 된장무침	비름나물 양파 마늘 생강 다시마 육수 물 다시마 양념장 된장 고추장 마요네즈 고춧가루 양념 참깨 참기름
2995	삼색 꽃 화전	찹쌀가루 시금치 치자 식용꽃 타임 설탕 꿀
2996	퀴노아 팥수프	퀴노아 팥 무가당 휘핑크림 무염 버터 우유 닭뼈 밀가루 양파 세발나물 설탕
2997	참치 두부 함박스테이크	캔참치 두부 양파 토마토 청피망 당근 밀가루 케찹 표고버섯가루 후추
2998	치즈두부샐러드	까망베르치즈 두부 새싹채소 아몬드슬라이스 유자청 식초 레몬즙 올리브유 저염간장
2999	마늘칩 감자샐러드	감자 마늘 양파 마요네즈 플레인요거트 머스터드 설탕 파슬리
3000	김치양배추볶음	배추김치 양배추 양파 대파 간장 보리새우 마늘 흑임자 들기름
3001	소고기 들깨 토란탕	소고기양지 무 토란 대파 느타리버섯 고사리 콩나물 고춧가루 깻잎순 들깨가루 간장
3002	돈수육 해물냉채	돼지고기삼겹살 오징어 새우 주꾸미 적파프리카 황파프리카 주황파프리카 양파 당근 오이 대파 마늘 생강 맛술 식초 설탕 겨자가루 된장 통후추
3003	록달록화전 멸치두부전	찹쌀가루 비트 시금치 두부 잔멸치 식용꽃 쑥갓 부침가루 꿀
3005	고구마순나물	고구마순 양파 된장 두부 마늘 흑임자 설탕 식초 참기름
3006	저염 겉절이	배추 무 쪽파 양파 참깨 양념 저염소금 고춧가루 설탕 젓갈
3007	토마토 미소 된장국	토마토 두부 양파 표고버섯 멸치 고추 대파 다시마 미소된장
3008	단호박 생선탕수 키위소스	동태살 단호박 당근 오이 양파 전분 계란 튀김가루 목이버섯 식초 키위소스
3009	아욱 된장무침	아욱 된장 마늘 저염간장 참기름 참깨
3010	완두콩과 당근을 넣은 감자요거트 샐러드	완두콩 당근 감자 플레인요거트
3011	배 깍두기	배 쪽파 고춧가루 액젓 마늘
3013	미역 미소국	건미역 가다랑어포 양념 미소된장 미향 물
3014	유린기	닭다리살 양상추 그린치커리 라디치오 홍고추 청양고추 대파 무순 마늘 생강 식용유 소스 식초 저염간장 레몬즙 설탕 물 양념 옥수수전분
3015	코울슬로샐러드	양배추 양파 적파프리카 청피망 마요네즈드레싱 마요네즈 설탕 식초
3016	매운락교무침	락교 쪽파 마늘 양념장 고춧가루 설탕 참기름 참깨
3017	채소초밥	쌀 현미 현미찹쌀 애호박 새송이버섯 우엉 적파프리카 황파프리카 주황파프리카 식초 설탕 파래김 미향 레몬 건다시마
3058	꽃게바지락찌개	꽃게 바지락 조선무 깐양파 애호박 두절콩나물 국멸치 건다시마 깐대파 국간장 고춧가루 된장 고추장 물
3060	낙지묵은지콩나물국	낙지 묵은지 콩나물 무 대파 마늘 국멸치 대두유 간장 쌀뜨물 고춧가루
3062	마들깨미역국	건미역 마 깐들깨가루 건다시마 참기름 마늘 물
3063	바지락가자미완탕국	가자미살 두부 양파 대파 후추 전분 바지락 무우 마늘 쑥갓 청홍고추 팽이버섯 물
3064	바지락맑은국	바지락 팽이버섯 홍고추 쑥갓 육수 다시마 청양고추 무 대파 물
3065	감자미역국	건미역 감자 참기름 국간장 물
3066	새뱅이찌개	물 다시마 양파 새뱅이 밀가루 호박 무 청양고추 파 마늘 쑥갓 고춧가루 고추장 간장
3067	배추된장국	배추 두부 양파 대파 다시멸치 청양고추 생강즙 된장 쌀뜨물 물
3068	콜리플라워미역국	콜리플라워 건미역 육수 물 디포리 양파 무 양념 저염간장 건표고버섯 건새우 물
3069	새우살토마토스튜	새우살 토마토 양파 당근 애호박 건다시마 버터 케찹 후추 물
3070	한우굴라쉬	쇠고기 등심 양파 감자 파프리카 토마토 마늘 밀가루 토마토페이스트 케첩 버터 올리브유 월계수잎 후추 물
3071	황태미역국	건미역 황태 육수 황태머리 다시마 표고버섯 대파 물 양념 참기름 저염국간장
3072	견과류문어떡갈비	돈민찌 우민찌 떡 문어 배 호두 아몬드 찹쌀가루 참기름 후추 밀가루 식용유 대추 잣
3073	과일퓨레수제함박스테이크	쇠고기우둔 돼지고기전지 도라지 사과 배 깐연근 토마토 깐양파 양송이버섯 당근 청피망 달걀 빵가루 파인애플 방울토마토 버터 밀가루 레몬 후추 생강
3074	단호박함박스테이크	돼지고기 소고기 단호박 양파 마늘 당근 계란 빵가루 우유 콩기름 후추 올리고당
3076	담양식떡갈비야채쌈	우육분쇄육 돈육분쇄육 두부 양파 대파 상추 깻잎 해바라기씨 간장 설탕 쌈장
3077	된장숙성저수분수육	앞다리살 돈육보쌈용 양파 대파 저염된장 통후추 월계수잎 생강가루
3078	과일삼겹살조림파채무침	돼지고기삼겹살 새싹채소 깐대파 파인애플 배 사과 깐양파 진간장 깐마늘 깐생강 고춧가루 레몬 식초 설탕 국간장
3079	미나리버섯고기말이산채소스	돈등심 새송이버섯 미나리 후추 찹쌀가루 참나물 취나물 올리브오일 땅콩 파마산치즈 마늘
3080	구기자듬장조림	한돈사태 메추리 당근 곤약 구기자 양파 파 다시마 마늘 표고버섯 저염간장
3081	매실입은가지닭볶음탕	닭고기 가지 매실엑기스 파 마늘 대두유 간장 식초 미림 올리고당 참기름
3082	시래기닭조림	닭고기 무 당근 양파 홍고추 청고추 무청시래기삶은 것 양념 후추 저염간장 설탕 물엿
3083	닭가슴살호두크로켓	닭가슴살 두부 양파 대파 호두 땅콩 마늘 생강 후추 설탕 식초 계란 쌀가루 빵가루 순무 두유 홀그레인 땅콩버터 레몬 파슬리
3084	두부튀김무소스	두부 계란 깻잎 옥수수전분 식용유 혼다랑어가쓰오부시 무 레몬쥬스 배 양조식초 저염간장 미향 설탕
3085	록달록연근튀김	깐연근 비트 시금치 카레가루 건새우 전분 튀김가루 식물성기름
3086	오징어튀김딸기쨈	오징어 밀가루 물 계란 후추 식용유 딸기쨈
3087	잎채소튀김	깻잎 상추 배추 계란 튀김가루 콩기름 얼음
3088	검은콩부추전	검정콩서리태 밀가루 부침가루 홍고추 풋고추 당근 부추 깐양파 애호박 달걀 콩기름 국간장
3089	고사리파전단감전	고사리 쪽파 홍고추 계란 밀가루 단감 물 찹쌀가루 감자전분 대추
3090	바지락매생이전	매생이 바지락살 부침가루 튀김가루 홍고추 대두유
3091	콩달콩전	병아리콩 검정콩 완두콩 두부 빨간 파프리카 찹쌀가루 밀가루 물 식용유
3092	계란만두토마토소스	가지 당면 계란 부추 양파 식용유 토마토홀 월계수잎 파슬리 마늘 함초소금 후추
3093	통도라지양념구이	통도라지 배 골파 통깨 고추장 간장 참기름 쓴맛 제거용
3094	삼색계란찜	계란 시금치 비트 우유 애플민트 다시마
3095	단호박떡볶이	떡볶이떡 단호박 브로콜리 우유 생크림 검정깨
3096	포두부채소잡채	포두부 참느타리버섯 양파 게맛살 청피망 홍피망 파 생강 식용유 양념 설탕 노두유
3097	낙지듬초말이	낙지 가지 오이 표고버섯 당근 미나리 홍고추 설탕 식초 물  사과 간장 고춧가루 깨
3098	무오색쌈	쌈무 쇠고기 달걀 당근 표고버섯 오이 연겨자 진간장 식초 참기름 깐마늘 설탕 통깨
3099	흑마늘견과류조림	통마늘 마카다미아 호두 아몬드 캐슈넛 땅콩 대두유 흑마늘진액 간장 물엿 깨
3158	통배추 겉절이	통배추 쪽파 마늘 생강 양념 홍시 고춧가루 젓갈 통깨 참기름
3163	저염보쌈김치	배추 배 대추슬라이스 깐밤 당근 저염양념 조선무 미나리 깐양파 파프리카 황설탕 잣 깐마늘 깐생강 멸치액젓 고춧가루 굵은소금 건표고버섯 국멸치 물
3164	청경채 김치	청경채 배 양념장 매실액 고춧가루 저염간장 양념 찹쌀가루
3165	요거트강화순무김치	순무 쪽파 고운 고춧가루 굵은 고춧가루 플레인요거트
3166	오미자저염나박김치	배추 콜라비 오이 당근 실파 청홍고추 레몬 오미자엑기스 식초 설탕 물
3167	배물김치	배 미나리 청홍고추 감자 설탕 마늘 생강 물
3168	성주참외동치미	참외 양파 배 대파 마늘 홍고추 생강 식초 설탕 누룩소금 물
3169	달콤과일깍두기	무 배 참외 마늘 새우젓 생강 실파 양념 고춧가루 통깨
3170	배깍두기	배 부추 고춧가루 매실청 설탕 참깨
3171	곤약백김치말이	판곤약 부추 파프리카빨강 청색 대왕오징어채 백김치 양조식초
3172	단감피클	단감 식초 설탕 물
3173	스마일오이피클	오이 배 홍피망 청피망 노랑파프리카 식초 설탕 물 피클링스파이스
3174	오이파프리카새콤무침	오이 파프리카빨강노랑 식초 설탕
3175	감귤콩샐러드	감귤 완두콩 수수 율무 병아리콩 유자청 치커리 올리브오일
3176	누룽지상추샐러드유자드레싱	누룽지 로메인상추 파프리카빨간색노란색 유자청 식용유 올리브유 레몬즙 식초 후추
3177	양상추샐러드 과일드레싱	양상추 당근 적양배추 치커리 소스 사과 파인애플 레몬즙
3179	포항초사과샐러드	포항초 사과 당근 양파 파프리카 레몬즙또는 식초 저염간장 설탕
3180	고구마순들깨나물	고구마순 들깨가루 다시마 참기름
3181	시금치들깨무침	시금치 파 마늘 들깨가루 통깨 들기름 데치는용
3182	시금치토마토무침	시금치 방울토마토 참기름 참깨 마늘 함초가루
3183	바나나미숫가루쉐이크	미숫가루 바나나 우유
3184	홍시잼 식빵	반죽 강력분 인스턴트 이스트 달걀 우유 포도씨유 속 홍시 레몬즙
3185	배쨈 식빵	반죽 강력분 인스턴트 이스트 달걀 우유 포도씨유 속 배 전분물 토핑 배
3186	사과 견과류 식빵	반죽 강력분 드라이이스트 버터 달걀 우유 속 사과 견과류
3187	카카오 깜빠뉴	반죽 강력분 코코아 버터 생이스트 드라이이스트레드 파트 페레멘테 우유 물 속 카카오 닙스 호두 건포도
3189	단호박 호밀빵	반죽 통밀가루 강력분 전립분 드라이이스트 물 베이킹파우더 속 단호박 참깨
3190	바질향이 향긋한 고구마 찰 바케트	반죽 강력분 생이스트 물 바게트반죽용 파인소프트 파인소프트 C 강력분 분유 아몬드 분말 드라이 이스트골드 무염버터 달걀 물 찰반죽용 속 크림치즈 바질 페스토 노른자 고구마 다이스
3191	곶감 베이글	반죽 통밀가루 강력밀가루 인스턴트 드라이 이스트 사과종 물 카놀라유 레몬 제스트 곶감
3192	단호박크림을 곁들인 브로콜리 베이글	반죽 강력분 물 블루베리 발효원종 올리브유 브로콜리 속 단호박 생크림
3193	미숫가루 스콘	버터 박력분 강력분 미숫가루 베이킹파우더 우유 달걀 건크랜베리 호두
3194	견과류 미숫가루 빵	반죽 강력분 박력분 미숫가루 이스트 달걀 버터 아몬드 해바라기씨 호박씨 건포도 아몬드우유 아몬드 우유 토핑 버터 아몬드 슬라이스 미숫가루
3196	속이 든든든한 밥 빵	반죽 강력 쌀가루 불린밥 물 이스트 코코넛 오일 속 단호박 옥수수
3197	삼각김밥 빵	반죽 쌀가루 우유 물 르뱅 발효종 달걀 올리브유 양파 당근 먹물 가루 속 토마토 양파 피망 마늘 닭가슴살 오레가노 바질가루 월계수잎 후추 소금 고추 고춧가루짜렐라 치즈
3198	고구마 찰 빵	반죽 쌀가루 타피오카 전분 비트가루 물 르뱅 발효종 올리브유 속 고구마 생크림 김치 양파 기름
3199	고구마 공갈빵	반죽 강력분 이스트 버터 물 속 고구마 우유
3200	검은콩 크림빵	반죽강력분 물 이스트 호밀가루 검은콩가루 올리브유 호두 크랜베리 속 불린 검은콩 우유 달걀
3201	시금치크림치즈 빵	반죽 통밀가루 강력분 인스턴트 드라이 이스트 사과종 물 달걀 올리브유 시금치 소량 말린 방울토마토 속 시금치 마늘 볶음 참깨 올리브유 소량 후추 소량 크림치즈
3202	자색고구마 버터크림 빵	반죽 강력분 박력분 이스트 달걀 무염버터 바나나 밤고구마 물 속 삶은 밤고구마 바나나 바나나슬라이스 버터크림 삶은 자색고구마 삶은 밤고구마 박력분 달걀 버터 물
3203	콩가루 소보로	반죽 강력분 날콩가루 따뜻한 우유 이스트 달걀 코코넛 오일 비스킷 박력 쌀가루 볶은 콩가루 베이킹파우더 달걀 버터 속 고구마 우유 크랜베리 아몬드
3204	삼색 브레드 스틱	강력분 드라이이스트 버터 식용유 당근 참나물 연근 견과류 물
3205	치아바타 피자빵	반죽 블루베리 발효원종 강력분 물 소스 토마토 양송이 버섯 양파 파프리카 로즈마리 식용유 물 토핑 저염치즈
3206	찹쌀 흰살 생선찜	배추 대파 가자미 찹쌀가루 식초 맛술 새우젓 마늘 파 월계수잎 불린 찹쌀 고운 고춧가루 백후추 잘게 새우젓
3207	새우게살 파프리카롤	크래비 냉동 새우살 파프리카빨강 각각 냉동 아보카도 절임 올리브그린 블랙 파 마늘 간 파르메산치즈 홀그레인 머스터드 요플레 올리고당
3208	두부 새우볼	두부 냉동 새우살 양파 새송이버섯 생강가루 파슬리가루 식용유 버터 밀가루 우유
3209	코코넛워터 토마토카레	양파 감자 당근 닭가슴살 토마토 코코넛워터 우유 현미밥 올리브유 카레가루 물 그릭요거트 올리브유 올리고당 마늘 카레가루 파슬리가루
3210	깻잎퓌레를 곁들인 삼치새우	깻잎 청경채단 새우 삼치 생크림 식용 꽃 삶은 감자 녹인 무염 버터 우유 레몬즙 건로즈메리 찹쌀가루 전분 올리브유 설탕 식용유
3211	크림카레소스를 곁들인 함초두부스테이크	양파 당근 양송이버섯 불린 함초 으깬 두부 닭가슴살 달걀 빵가루 밀가루 버터 우유 강황가루 함초소금 마늘 저염 간장 식용유
3212	메밀면 샐러드	양상추 당근 방울토마토 닭가슴살 메밀면 어린잎채소 식초 간장 올리브유 마늘 올리고당 유자청
3213	애호박 순대	두부 생새우 팽이버섯 당근 깻잎 파프리카 소고기 감자전분 달걀흰자 애호박 저염 간장 식초 적양파
3214	치즈 두부 튀김	고구마 호두 우유 두부 빵가루 차렐라치즈 식용유
3215	곤약 가스	냉동 곤약 채 썬 양파 납작 썬 마늘 채소 육수 아몬드 땅콩 통밀가루 미림 간장 간 마늘 토마토 페이스트 간장 설탕 발사믹식초 식용유
3216	비트 단호박 파스타	삶은 스파게티 감자 파르메산 치즈가루 어린잎채소 비트 올리브유 스리라차소스 마늘 미니 단호박 생크림 설탕
3217	닭고기 찰깨빵	방울토마토 양파 파프리카 할라피뇨 훈제 닭가슴살 찰깨빵 차렐라치즈 파슬리가루 설탕 레몬즙
3219	들깨 삼계면	삼계탕용 닭 우유 삼계탕 티백 메밀면 깻잎 바질 삼계탕 육수 사과식초 홍고추 사과개 삼계탕 육수 들깻가루
3220	참나물 소보로덮밥	건취나물 건표고버섯 불린 쌀 불린 곤약쌀 돼지고기 달걀 참나물 간장 참기름 식용유
3222	두유 크림 현미리소토	손질된 고등어 양파 마늘 양송이버섯 청양고추 깻잎 불린 현미 검은콩 두유 달걀노른자 다시마 간장 레몬즙
3223	돼지 함초 덮밥	양파 쪽파 레몬 무순 멸치 건함초 다시마 밥 꽈리고추 돼지고기등심 수란 김가루 고추냉이 마늘 생강톨 건고추 팔각 참기름 식용유
3224	생선 파피요트	양파개 파프리카개 레몬 방울토마토 손질된 흰살생선마리 대하 바지락 월계수잎 타임줄기 화이트와인 올리브유
3225	어묵 잡채	돼지고기 어묵 아삭이고추 파프리카 파프리카 콩나물 굴소스 참기름
3227	토마토 비빔국수	양파 바질 삶은 달걀 쌀국수 토마토 고추장 고춧가루 꿀
3228	멸치 전복 저염국수	전복 애호박 표고버섯 당근 달걀지단흰자 노른자 각각 삶은 쌀소면 식용유 멸치 황태포 다시마 대파 양파 통후추 고춧가루 저염 간장 식초 파 마늘 참기름
3229	오이 소르베	오이 셀러리 줄기 요거트 과일 라임즙 아가베 시럽
3230	참외지 리코타버무리	참외 아몬드 설탕 레몬즙 올리브유 유자청 리코타치즈
3231	과일 피클 젤리	방울토마토 바나나 청포도 젤라틴 한천가루 피클링 스파이스 사과식초 설탕 올리고당
3232	바나나 쑥두부푸딩	흰강낭콩 두부 우유 올리고당 바나나 쑥 파우더 아몬드
3233	채소말이와 고구마가지구이	가지개 양배추 파프리카 당근 청경채단 달걀지단 분량 구운 김 불린 라이스페이퍼 깻잎 찐 고구마 우유 무염 버터 마늘 무염 치즈 생크림 식용 꽃노란색 파슬리가루 식용유
3234	들깨 곤약 냉채	닭가슴살 파프리카 양파 오이 당근 곤약면 어린잎채소 겨잣가루 식초 올리고당 들깻가루 저염 간장
3235	병아리콩 케이크	불린 병아리콩 바나나개 무가당 코코아 파우더 다크초콜릿 아몬드가루 달걀노른자 우유 식용유 아몬드 슬라이스 병아리콩 삶은 물 무가당 휘핑크림 올리고당 바나나개
3236	요거트 단호박 샐러드	단호박 감자 표고버섯 불린 곤드레나물 불린 쌀 건포도 건무화과 볶은 호두 볶은 아몬드 슬라이스 라즈베리 요거트
3237	리코타치즈 카프레제	방울토마토 우유 레몬즙 발사믹식초 레몬즙 올리브유
3238	연두부 카프레제	깻잎 양파 방울토마토 연두부 두부 마늘 치즈 간장 올리브유 참기름
3239	연두부 토마토	연두부 방울토마토 스트링치즈 어린잎채소 발사믹식초 사과 사과주스 플레인 요거트
3240	포니언 스프	감자 양파 우유 시판 크루통 파슬리가루 양념 버터
3241	참나물무말이 물김치	참나물 무 레몬 설탕 사과식초 물 사과식초 마늘 홍고추 사과개
3242	양배추말이 김치	양배추 시금치 오이 당근 고춧가루 간장 사과식초 사과즙
3243	토마토채소스프와 연어소바찜	토마토 무 당근 마늘 양파 연어 메밀면 월계수잎
3244	치즈 단호박	단호박 달걀 맛술 우유 차렐라치즈 그라나파다노치즈 아몬드 플레이크 꿀 파슬리가루
3245	참나물페스토 파스타	참나물 방울토마토 스파게티면 참나물 페스토 참나물 잣 올리브유 양념 올리브유
3246	가지 탕수육	돼지고기 두부 아삭이고추 가지 식용유 간장 올리고당 식초 전분 튀김가루
3247	콩국물소스를 곁들인 게살 냉채	게살 수박 가지 적채 브로콜리 두부 우유 꿀 올리브유
3248	소고기육전과 전복내장소스	부챗살 쪽파 홍고추 익힌 전복내장 건새우 밀가루 달걀물 생강 저염 간장 맛술 식초 참기름 식용유
3260	두부크림 관자뇨키	양파 관자 새우 시조개 청양고추 두부 우유 생크림 마늘 바질 그라나파다노 치즈
3261	들깨삼겹살과 참외쌈장	삼겹살 참외중간 크기 영양부추 들깻가루 마늘 통후추 저염 된장 양파 마늘 참깨 참기름 청고추 홍고추 고춧가루 파 들깻가루 사과즙 견과류
3262	단호박 양고기볶음	콜리플라워 고구마 양파 양고기부채살 마늘 단호박 올리브유 바질럽드 바질페스토 홀그레인 머스터드 마늘
3263	강황 투움바 파스타	양파 양송이버섯 마늘 토마토 탈리아텔레 말린 토마토 파슬리 핑크 페퍼 바질잎 바게트 물 무 양파 다시마 올리브유 강황가루 고운 고춧가루 식물성 생크림 두유
3264	돼지고기 포두부 파스타	양파개 마늘 대파대 돼지고기 두부면팩 새우¾ 닭육수 청양고추 고추장 식초 올리브유 고춧가루
3265	카레삼겹살 파니니	방울토마토 아보카도 로메인 양파개 대파 미나리줌 마늘 대패삼겹살 치아바타 올리브유 간장 꿀 카레가루 고운 고춧가루 플레인 요거트 꿀
3266	방아잎 닭고기말이	아스파라거스 닭다릿살 방울토마토 방아잎줌 파르메산 치즈 레몬즙 맛간장 잣 마늘 올리브유 간장 물 사과개 양파개 마늘 대파대 플레인 요거트 레몬즙 무가당 아보카도 마요네즈 파르메산 치즈 스테이크 시즈닝 파슬리가루
3267	라이스페이퍼 수제소시지	돼지고기 사각 라이스페이퍼 새우젓 저염 간장 버섯가루 스테비아 찹쌀가루 훈제 파프리카파우더 카옌 페퍼 커민 양파 마늘
3268	레몬등갈비구이	등갈비 마늘 레몬 밑간 소주 로즈메리 올리브유 디핑소스 요거트 꿀 레몬즙
3269	단호박 라타투이	가지 주키니호박개 토마토개 단호박 훈제 오리 마늘 양파 토마토 파프리카 올리브유
3270	버터치킨카레	양파 당근개 토마토 닭고기가슴살 다릿살 생크림 파프리카빨강 바게트 월계수잎 통후추 정향 요거트 가람마살라 코리앤더파우더 커민파우더 마늘 파프리카가루 버터
3271	해조비빔국수	오이개 양파개 파프리카빨강 도토리묵 해조국수팩 스테비아 식초 간장 스리라차소스 매실청 마늘 참깨
3272	레몬연어 파피요트	브로콜리개 애호박개 레몬개 양파개 파프리카개 방울토마토 마늘 연어 필레 로즈메리줄기 올리브유 레몬즙 올리브유 양파
3273	소고기찜과 검은콩수제비	팽이버섯봉 느타리버섯줌 배추개 쪽파대 가지개 당근개 흰다리새우 관자 삶은 검은콩 소고기불고기용 부채살 숙주줌 달걀노른자 쑥갓줌 미니 단호박개 생표고버섯 청경채 통밀가루 돼지감자가루 현미쌀가루 저염 간장 맛술 꿀 레몬즙 쪽파 청양고추
3274	꽈리고추 닭강정	꽈리고추줌 양파개 건고추 마늘 대파대 닭다릿살 백후춧가루 식용유 참깨 전분 달걀흰자 굴소스 올리고당 마늘 생강가루
3275	골뱅이무침과 삼겹살수육	삼겹살 파채 월계수잎 맛술 설탕 고춧가루 간장 고추장 마늘 레몬즙 골뱅이 국물
3276	닭봉 로제스튜	양파 마늘 감자 파프리카빨강 당근개 브로콜리개 닭봉 통조림 홀토마토캔 생크림 파르메산 치즈가루 월계수잎 올리브유 화이트와인 강황 코리앤더가루 커민 레드크러쉬드 페퍼 바질가루 오레가노가루 버터
3277	치즈토마토 가지구이	새송이버섯 양파개 토마토 가지 돼지고기목살 슈레드 차렐라치즈 올리브유 마늘 쌈장 파프리카가루 바질잎
3278	새우 카레 빠에야	양파개 토마토 새우 쌀 카레가루 황태 머리 다시마 마늘 파슬리가루
3279	버섯초계탕	닭 양파 대파대 미나리줌 새송이버섯 팽이버섯봉 마늘 양송이버섯 달걀 전분 간장
3280	수제새우소시지	양파개 칵테일새우 라이스페이퍼 깻잎 감자전분 레몬즙 마늘 올리브유 마늘 올리고당 파슬리가루
3281	채소롤초밥	가지 오이 밥 다시마가루 매실식초 참기름 참깨
3282	어린잎채소 건두부말이	어린잎채소 견과류 건두부 슈레드 차렐라치즈 라임청 올리브유 마늘
3283	당근새우 카나페	칵테일새우 사과개 양파개 당근개 바게트조각 파슬리 블루베리 애플민트잎 당근개 양파개 레몬개 레몬즙 식초 올리브유
3284	닭가슴살 채소쌈	양상추 양파개 토마토중간 크기 청양고추 할라피뇨 피클 닭가슴살 단호박 라이스페이퍼 플레인 요거트 마늘 대파대 카레가루
3285	시금치 후무스	대파 시금치줌 불린 병아리콩 우유 올리브유 천일염 라임즙 백후춧가루 넛맥가루
3286	타이거새우 현미볶음밥	브로콜리개 양파개 파프리카빨강 쪽파대 블랙타이거새우 현미밥공기 청양고추 레몬개 마늘 버터
3287	사과채소타코	양상추 사과개 토르티야 슈레드 차렐라치즈 양파개 파프리카개 토마토개 할라피뇨 피클 스리라차 소스 스테비아 아보카도개 살사소스 라임즙 무가당 플레인 요거트 마요네즈 마늘 파슬리가루 라임즙
3288	묵은지 밀푀유나베	묵은지포기 배추 깻잎 소고기샤브샤브용 콩나물줌 북어채줌
3289	카레크림 두부면 파스타	콜리플라워 양송이버섯 양파개 마늘 무가당 두유 두부면팩 바질 올리브유 마늘 강황가루 식초 파슬리가루
3290	아보카도 수란샐러드	상추 레몬개 아보카도 토마토 달걀 파프리카빨강 식초 바질가루 오레가노가루 올리브유 레몬즙
3291	참치두부 주먹밥	두부 파프리카빨강 깻잎 잡곡밥 통조림 참치 스테비아 간장 참기름
3292	양파토마토스튜	마늘 토마토 양파 월계수잎 육수용 멸치 다시마
3293	토마토소스 애호박냉파스타	토마토 참외 오이 양파개 마늘 애호박 바질잎 블랙올리브 파우더 레몬즙 올리브유 페페론치노 저염 간장 식초 꿀
3294	황금팽이 비빔국수	황금팽이버섯 양파 상추 깻잎 오이개 천도복숭아개 새우살 게살 고춧가루 물 현미식초 저염 간장 마늘 참기름 참깨
3295	맛살 미역줄기전	미역 줄기팩 양파개 맛살 건새우 부침가루 튀김가루 탄산수 아보카도유
3296	단호박 양파잼 샌드위치	양파 미니 단호박 삶은 달걀 우유 식빵 슬라이스 체더치즈 말린 자두 청상추 아몬드 슬라이스 화이트와인 꿀
3297	해산물샐러드와 미나리소스	새송이버섯 방울토마토 오징어 칵테일새우 마늘 올리브유 레몬즙 미나리 깻잎 마늘 올리브유 체더치즈 아몬드
3298	매운요거트 토마토샐러드	토마토 양파개 감자개 파프리카개 브로콜리개 새우 고추기름 마늘 플레인 요거트 고추장
3299	새우채소 김치롤	김치포기 오이 파프리카노랑 깻잎 새우 달걀물 분량 무순줌 크래미줄 식용유
3363	생선까스타르타르소스	명태포 튀김가루 달걀 식용유 물 밑간 레몬즙 타르타르 소스 삶은 달걀 마요네즈 홍고추 청양고추 양파 후추 레몬즙
3364	느타리버섯볶음	느타리버섯 파프리카빨간색 노란색 청피망 크래미 식용유 양념 후추 간장
3365	떡꼬치구이	떡볶이떡 파 양파 식용유 양념장 케첩 스리라차 올리고당 간장 참기름 통깨
3367	오징어 가라아게칠리소스	오징어 대파 마늘 달걀노른자 밀가루 식용유 양념 토마토 고춧가루 식초 설탕 전분
3459	떡순이 두부쌈	누들 떡볶이 떡 소고기 양지 어묵 양배추 떡볶이양념파우더 쌈두부 부추 파프리카빨간색 노란색 식용유 물
3462	토마토 해물누룽지탕	배추 우목심 깻잎 청경채 팽이버섯 표고버섯 숙주 오징어 새우 홍합 베트남 건고추 토마토 청양고추 양파 대파흰 부분 편 마늘 시판 누룽지 토마토 페이스트 식용유 간장 고춧가루 후추 다시팩 물
3463	채소 프리타타	소고기 단호박 팽이버섯 새송이버섯 느타리버섯 쌈추 적근대 배추 숙주 달걀 우유 식용유 새싹채소 리코타 치즈 올리브유
3464	깻잎 쌈두부 라자냐	쌈두부 소고기 양지 숙주 청경채 배추 당면 쌈두부팩 차렐라 치즈 깻잎 완숙 토마토 양파 소고기 다짐육 화이트 와인 오레가노 월계수 잎 마늘 식용유 후추
3465	해산물 완자볼을 곁들인 양장피 콩국수	새우 오징어 양장피 면 건목이버섯 참기름 양파 볶음 소스 크레미 당근 피망 붉은 파프리카 달걀지단 콩국물 딜 올리브유 달걀흰자 식용유
3466	토마토 채소 가지롤	순두부 팽이버섯 애호박 양파 파 청양고추 느타리버섯 마늘 차돌박이 토마토 가지 올리브유 레몬즙 후추
3467	두부샐러드 메밀김밥	메밀면생면 오이 양파 당근 족발 달걀지단 양배추 사과 깻잎 리코타 치즈 연두부 레몬청 과육 참기름 간장 김
3468	고등어 라따뚜이 파스타	고등어 시래기 무 대파 청양고추 양념장 토마토 홀 가지 애호박 표고버섯 두부면 가다랑어포 바질 잎 식용유 물
3469	미옹 카레	커리 소스 홍새우 튀김 컬리플라워 감자튀김 감자 불린 미역 마른 미역 양파 식용유 물
3470	밀푀유 채소 웰링턴	배추 소고기 숙주 청경채 표고버섯 새송이버섯 백목이버섯 다시마 깻잎 두부 머스타드 마늘 양파 토마토 우유 들깨가루 올리브유 간장 로즈메리잎 후추 전분 물
